x_T	iter1	iter2	iter3	iter4	iter5	iter6	iter7	iter8	iter9	iter10
-9.94999998974576	-1.8999999980419062	-1.8999999980419062	-1.8999999980419062	-5.960443008588325	-15.258885828786052	-25.171580862073093	-35.091679680414416	-44.28741390000123	-54.22882324553592	-64.65789694731126
-9.849999989848818	-1.6999999982480212	-1.6999999982480212	-1.6999999982480212	-5.76044300879444	-15.058885828992167	-24.971580862279207	-34.89167968062053	-44.08741390020735	-54.02882324574203	-64.45789694751738
-9.749999989951874	-1.4999999984541361	-1.4999999984541361	-1.4999999984541361	-5.560443009000555	-14.858885829198282	-24.771580862485322	-34.691679680826645	-43.88741390041346	-53.82882324594815	-64.2578969477235
-9.649999990054933	-1.299999998660251	-1.299999998660251	-1.299999998660251	-5.36044300920667	-14.658885829404397	-24.571580862691437	-34.491679681032764	-43.687413900619575	-53.62882324615427	-64.0578969479296
-9.54999999015799	-1.099999998866366	-1.099999998866366	-1.099999998866366	-5.160443009412785	-14.458885829610512	-24.371580862897552	-34.291679681238875	-43.48741390082569	-53.42882324636038	-63.857896948135725
-9.449999990261048	-0.8999999990724845	-0.8999999990724845	-0.8999999990724845	-4.960443009618904	-14.25888582981663	-24.17158086310367	-34.091679681444994	-43.28741390103181	-53.2288232465665	-63.65789694834184
-9.349999990364108	-0.6999999992785995	-0.6999999992785995	-0.6999999992785995	-4.760443009825019	-14.058885830022746	-23.971580863309786	-33.89167968165111	-43.08741390123792	-53.02882324677262	-63.457896948547955
-9.249999990467163	-0.4999999994847144	-0.4999999994847144	-0.4999999994847144	-4.5604430100311335	-13.85888583022886	-23.7715808635159	-33.691679681857224	-42.88741390144404	-52.82882324697873	-63.25789694875407
-9.149999990570223	-0.29999999969082936	-0.29999999969082936	-0.29999999969082936	-4.3604430102372485	-13.658885830434976	-23.571580863722016	-33.491679682063335	-42.68741390165016	-52.62882324718484	-63.05789694896019
-9.049999990673278	-0.0999999998969443	-0.0999999998969443	-0.0999999998969443	-4.160443010443363	-13.45888583064109	-23.37158086392813	-33.291679682269454	-42.48741390185627	-52.42882324739096	-62.8578969491663
-8.949999990776337	0.0	0.0	0.0	-4.060443010546419	-13.358885830744146	-23.271580864031186	-33.19167968237251	-42.38741390195933	-52.328823247494014	-62.75789694926936
-8.849999990879393	0.0	0.0	0.0	-5.236441962829949	-14.142021920819598	-24.086603430890687	-34.053253558384455	-43.19862865150828	-53.171688907396366	-63.59848386120054
-8.749999990982452	0.0	0.0	0.0	-5.594711379601839	-14.906705405304521	-24.97137599543204	-34.928830764238114	-44.091869863096285	-53.961904039373195	-64.49389357897573
-8.64999999108551	0.0	0.0	0.0	-6.56244409369372	-15.744384991148205	-25.74844159860603	-35.84930351056241	-44.89347122748401	-54.775326479893025	-65.29667177394738
-8.549999991188567	0.0	0.0	0.0	-7.236339342754344	-16.49279965034408	-26.563198969724365	-36.75348070065098	-45.583585018564776	-55.63056667073963	-66.15479198831757
-8.449999991291627	0.0	0.0	0.0	-7.917171988845776	-17.280319281065715	-27.29847390857997	-37.540538623682636	-46.39134281943905	-56.47931625159851	-66.92808882395221
-8.349999991394682	0.0	0.0	0.0	-8.676587243566487	-18.01144349024024	-28.224729240792854	-38.27995026835491	-47.235269350118855	-57.324779933865756	-67.67471457623166
-8.249999991497742	0.0	0.0	0.0	-9.482654967296842	-18.79780570362537	-28.94125459240187	-39.05000681736492	-48.078225612549815	-58.06462866541325	-68.51846058737563
-8.149999991600797	0.0	0.0	0.0	-10.22451977466945	-19.66382671126263	-29.79125749528353	-39.758376908064434	-48.85409175419932	-58.8361594068583	-69.30183087543556
-8.049999991703856	0.0	0.0	0.0	-10.98818683598424	-20.409598178040362	-30.520668843772643	-40.5224620850929	-49.669862657295205	-59.58107033284647	-70.00451171997547
-7.949999991806914	0.0	0.0	-1.6094379124341003	-11.747760404874022	-21.097514832632882	-31.158305234542787	-41.25842807851233	-50.4818820896339	-60.32285573678078	-70.77927967678328
-7.849999991909971	0.0	0.0	-1.3862943611198906	-12.429008175209384	-21.854056619678673	-31.926569389841404	-41.9793817104881	-51.213340948062914	-61.079853264474146	-71.56132963943229
-7.749999992013029	0.0	0.0	-1.9459101490553132	-13.192954171532614	-22.645691551744893	-32.660854638171614	-42.708182760683414	-52.075099439701695	-61.956750297628645	-72.30100574997533
-7.649999992116087	0.0	0.0	-3.828641396489095	-13.833782602751723	-23.405148441403895	-33.405853444655385	-43.46771133316295	-52.81048249231962	-62.7046265298526	-72.99483799967764
-7.549999992219145	0.0	0.0	-4.77912349311153	-14.578527492104335	-24.162842305097314	-34.09734391116261	-44.17910316421741	-53.527290602885714	-63.42717165982773	-73.72442279049768
-7.449999992322202	0.0	0.0	-5.780743515792329	-15.300184927593593	-24.880984798479126	-34.756072876493555	-44.85323397415986	-54.29635134641849	-64.15447535720308	-74.48218434632982
-7.34999999242526	0.0	0.0	-6.238324625039508	-15.905203375307856	-25.560165463926722	-35.39204959760316	-45.51551569811034	-54.963296926101556	-64.81696378365373	-75.1046928078464
-7.249999992528317	0.0	0.0	-6.985641817639208	-16.515162929126543	-26.30161091956132	-36.052471630638536	-46.20410749347844	-55.65448786442856	-65.55617379501805	-75.79566919064712
-7.1499999926313755	0.0	0.0	-7.581719640125308	-17.208201260206888	-26.878621180231114	-36.70230766256368	-46.84264441347013	-56.29812463463242	-66.2194029881771	-76.47758853176774
-7.049999992734433	0.0	0.0	-8.20685642839965	-17.91384236056799	-27.54938510633537	-37.40740447082435	-47.53958017493004	-56.92202340350585	-66.90196260820231	-77.19532774550488
-6.9499999928374905	0.0	0.0	-8.963032193662675	-18.48181269117515	-28.144946950665876	-38.01472258871647	-48.21162574555213	-57.57124782024407	-67.5944276956982	-77.78643447017868
-6.849999992940549	0.0	0.0	-9.64517008871425	-19.285147720769583	-28.81713671476082	-38.72715290925965	-48.85737754862012	-58.24452429670215	-68.24459394708452	-78.46245418732548
-6.749999993043606	0.0	0.0	-10.274499232574913	-19.90401035971537	-29.410372928418337	-39.390034175177306	-49.53772202155325	-58.85512146582284	-68.78266728345204	-79.1453502665173
-6.649999993146664	0.0	0.0	-10.935069328745017	-20.55679060925867	-30.029187506047663	-40.001081091247855	-50.150647166380686	-59.38811620574512	-69.44578300912892	-79.68841778873556
-6.549999993249721	0.0	0.0	-11.541308819361998	-21.236233503898944	-30.506916104881288	-40.639131587025524	-50.814705224388874	-59.99654323589235	-70.11280071931512	-80.40178873953981
-6.449999993352779	0.0	0.0	-12.166546685793895	-21.816689178282694	-31.204673517501718	-41.234220869698575	-51.37546468591676	-60.65168642700645	-70.77064819655189	-81.04866043428954
-6.349999993455836	0.0	0.0	-12.780053333898902	-22.446678662979885	-31.850774969375685	-41.8741322677622	-51.975035223039804	-61.39620362060755	-71.35526778103242	-81.59793817888274
-6.249999993558895	0.0	-2.995732273553991	-13.400934066987647	-22.977374823549717	-32.36861908123223	-42.47108043577536	-52.55057800249164	-61.97635228271198	-71.90774678850111	-82.2077259743463
-6.149999993661952	0.0	-2.4849066497880004	-14.007614114612846	-23.494979978852278	-33.100331001032764	-43.026704657355594	-53.17939329552522	-62.580188724192084	-72.59006126743222	-82.81758692938078
-6.0499999937650095	0.0	-4.663439094112067	-14.579596049748858	-24.081710112080074	-33.62723617915201	-43.642935722295064	-53.742688827337155	-63.12369981336643	-73.17215313615274	-83.38316215246691
-5.949999993868068	0.0	-4.454347296253507	-15.166429005208416	-24.65946403312533	-34.273067089654475	-44.148515185159354	-54.31251914207449	-63.59313156703601	-73.72614227785039	-83.94906489801865
-5.849999993971125	0.0	-5.225746673713202	-15.729086694584971	-25.231499487314228	-34.84737163184312	-44.7717396619586	-54.8979706857876	-64.14839678130306	-74.35024666869907	-84.50635890187158
-5.749999994074183	0.0	-6.413458957167357	-16.311984217873672	-25.762207257168342	-35.441050132263996	-45.352803429217154	-55.42750946020257	-64.73006431616656	-74.85353041667375	-85.05904663536857
-5.64999999417724	0.0	-6.841615476477592	-16.881729626545546	-26.32016128955987	-35.90199625007306	-45.91809794697832	-55.97464987524128	-65.2823891532046	-75.3622221075063	-85.64729182768725
-5.549999994280299	0.0	-7.301147805856032	-17.4106327508714	-26.825871233820443	-36.46474198683579	-46.47784598569524	-56.4159764816749	-65.78246553614102	-75.88024438808432	-86.11623201291783
-5.449999994383356	0.0	-7.59488438721652	-17.911342147346584	-27.35398400842174	-37.00090048353114	-46.94816565841316	-56.92522889860761	-66.43322642605764	-76.37574236556125	-86.65089691745533
-5.349999994486414	0.0	-8.277411998949004	-18.397904298839933	-27.869300387200184	-37.467688393247464	-47.48370073662544	-57.444654988809894	-67.00867582574448	-76.88889475134125	-87.14141814401883
-5.249999994589471	0.0	-8.681011276645632	-18.900622575264844	-28.333706418533897	-38.00191457741129	-48.040937762740114	-58.01851185862894	-67.48620395324907	-77.40645028960016	-87.67894641323383
-5.149999994692529	0.0	-9.314790473332646	-19.356386427986404	-28.895094857685784	-38.452918055231784	-48.5422625742961	-58.457085636495975	-67.97674725602742	-77.89403908953994	-88.1722232165126
-5.049999994795586	0.0	-9.727346854817254	-19.823312544356707	-29.290385970640656	-39.00736320576138	-49.035807997701895	-58.96530436941907	-68.49045548123529	-78.45527328892302	-88.6815687158863
-4.949999994898644	0.0	-10.185692150979541	-20.331380506363338	-29.8005404061062	-39.428406200682915	-49.44074815813113	-59.437589432400465	-69.0156930453008	-78.83171457205565	-89.12663591928697
-4.849999995001702	-2.995732273553991	-10.568235258574376	-20.745217212851436	-30.287447911943723	-39.89023569494677	-49.954395472871795	-59.888460725872065	-69.5385387998985	-79.36016532595431	-89.50746143024824
-4.749999995104759	-2.1972245773362196	-11.091346218718433	-21.175904546146864	-30.774970702226913	-40.28185377508707	-50.41171964144734	-60.281960600189834	-69.91449208418976	-79.71860119274561	-89.9050471788971
-4.649999995207818	-3.6109179126442243	-11.536798229381784	-21.650019826322186	-31.232130629882434	-40.7466413918152	-50.813140252610786	-60.79502300257429	-70.33502676924235	-80.1669646129384	-90.34539088521645
-4.549999995310875	-3.6635616461296463	-11.946803087515072	-22.09836092288927	-31.64845385960824	-41.22343734517233	-51.284911069765236	-61.24051657656347	-70.82744235709717	-80.64553540661635	-90.77512213829232
-4.449999995413933	-4.30406509320417	-12.434713061364754	-22.51981358637492	-32.07012008422657	-41.62192023433501	-51.68219783763533	-61.62375159097791	-71.26216621392311	-81.06804093759223	-91.15180629321307
-4.34999999551699	-4.04305126783455	-12.904684865521176	-22.921768924639842	-32.42029124410946	-42.06778917092629	-52.10116398429684	-62.00214840661485	-71.6269796979065	-81.49680704895	-91.57877545889414
-4.249999995620048	-3.6635616461296463	-13.243394465755177	-23.30525235426275	-32.8669535753539	-42.360742069249795	-52.466598873883655	-62.3658273694994	-72.07171727768906	-81.96616408557304	-91.9801638609066
-4.149999995723106	-3.332204510175204	-13.628645896882425	-23.74764797356827	-33.263927734267064	-42.77703581611307	-52.875596609368316	-62.71080532115115	-72.48036140104142	-82.37702572822943	-92.36066367494838
-4.049999995826163	-3.367295829986474	-14.038365267567734	-24.126920602565843	-33.676301339268946	-43.11878464635614	-53.259160851998146	-63.1428537772061	-72.85002226330442	-82.74032325403638	-92.76407963896345
-3.949999995929221	-3.6888794541139363	-14.424340909794742	-24.508481962024128	-34.14343626094723	-43.55948914250794	-53.62590304153627	-63.45148310519587	-73.19321614187801	-83.10198969884337	-93.11867199914585
-3.849999996032279	-4.189654742026425	-14.788786355321086	-24.897212754516577	-34.513751299176754	-44.014445172159874	-54.02983181719341	-63.830732780954435	-73.59954543016396	-83.5104057370295	-93.50779338475868
-3.7499999961353367	-4.553876891600541	-15.121726273264862	-25.302997066073523	-34.7718481332012	-44.38069613271805	-54.38344061185152	-64.26713353705946	-73.98927905291514	-83.8624620251864	-93.80531451124479
-3.649999996238394	-5.135798437050262	-15.498892000460808	-25.63689816233265	-35.1088332719973	-44.70742477134696	-54.73591368904589	-64.60247788747742	-74.30586680311691	-84.19159763406378	-94.19325491037216
-3.5499999963414517	-5.648974238161206	-15.831304914481912	-25.974675134336525	-35.513383564035905	-45.029147689940025	-55.080365354500486	-64.97319632684808	-74.68400891051077	-84.56438135554085	-94.53370346399852
-3.449999996444509	-5.860786223465865	-16.168738383776574	-26.29116064285286	-35.869817927301696	-45.39043322038229	-55.41090348840403	-65.26745665375094	-75.02984136530907	-84.9153685924682	-94.84588748405535
-3.349999996547567	-6.142037405587356	-16.533644744353836	-26.595673325018517	-36.21440784460874	-45.75210762868947	-55.70271728829434	-65.57440452828067	-75.35476353333564	-85.23129090428898	-95.16404595450568
-3.249999996650625	-6.795705775173514	-16.892042606390252	-26.91995773730143	-36.49355136857647	-45.99004764900839	-56.03837120558997	-65.82605501238245	-75.64838673795757	-85.55147421047235	-95.43246049766196
-3.1499999967536825	-6.86171134048073	-17.168127453473026	-27.202423946120568	-36.87907363175422	-46.26496267623693	-56.36492120867143	-66.16510169134163	-76.00751139436917	-85.86448369316383	-95.7580219148463
-3.04999999685674	-7.322510433997394	-17.47055071708523	-27.506118609978568	-37.22068286208618	-46.576421436751716	-56.648427385938106	-66.51395343218712	-76.28058980197406	-86.10897658200093	-96.09081310094804
-2.949999996959798	-7.569411792450712	-17.770964822818307	-27.740567777561296	-37.519511995022825	-46.804867070804455	-56.97221776393181	-66.83039409375793	-76.61992876621802	-86.37856394207468	-96.34961668077322
-2.849999997062856	-7.791935956938058	-18.06898506856934	-28.019642425581857	-37.854636981672684	-47.15170535715869	-57.17634803125129	-67.08427571181343	-76.88379067396659	-86.66171500352738	-96.64586045908096
-2.7499999971659133	-8.036249942132116	-18.305560467503966	-28.288090227380046	-38.13759666604966	-47.394820623924694	-57.45731845784543	-67.32776615630335	-77.1452599956725	-86.95619356659802	-96.8751114567895
-2.6499999972689707	-8.463370384718731	-18.570370046619843	-28.51916551686051	-38.41164267687659	-47.69848101982549	-57.7628962364679	-67.5989611126866	-77.38507179706914	-87.17779537262042	-97.07001973287784
-2.5499999973720286	-8.733110697638708	-18.855814098151065	-28.72429604148838	-38.63197479864297	-48.00926925028199	-58.0247006010401	-67.86418282360032	-77.62351128043684	-87.44481216198503	-97.35383437001963
-2.4499999974750866	-8.974111581113318	-19.100142504891622	-28.97728608208815	-38.82679252075776	-48.19558857842592	-58.242960001290626	-68.09489106691235	-77.90049011862936	-87.70343884578688	-97.61836077594867
-2.349999997578144	-9.149953221961088	-19.3392210396594	-29.13623634768501	-39.13198397864643	-48.42048837159197	-58.437884798235885	-68.37170755056809	-78.1512179232845	-87.99229801569201	-97.81098991652343
-2.2499999976812015	-9.366489054466115	-19.554516247181525	-29.332780654963575	-39.34274310200671	-48.680772835123776	-58.65215265370282	-68.6203505876077	-78.35019878373271	-88.18588917820301	-98.04406550802914
-2.1499999977842594	-9.589872098057842	-19.74773051432475	-29.61641956131818	-39.56349328451723	-48.95865209348595	-58.87505587128862	-68.81042961268707	-78.58699247164954	-88.40584763334496	-98.22312348906202
-2.0499999978873173	-9.774517171239168	-19.98409138790318	-29.759461437658867	-39.75616607190613	-49.16527533205487	-59.126182375458484	-68.97113998580421	-78.78934194405798	-88.64489896283656	-98.44784768999408
-1.9499999979903744	-9.978826909081944	-20.14279233257897	-29.963821762674577	-39.946212912806175	-49.371342031713816	-59.27021897169226	-69.18474537134361	-79.00534032579017	-88.7954351909712	-98.64203488130029
-1.8499999980934323	-10.200661930171254	-20.34744854022516	-30.126222848587645	-40.089770157551435	-49.54384071445021	-59.474748862562336	-69.3713628461553	-79.18180265764136	-88.99163865409602	-98.79569253691666
-1.7499999981964907	-10.36119716915088	-20.498214152553636	-30.317776470152005	-40.30546729397021	-49.711867748850864	-59.62312503865135	-69.5551514559939	-79.36284371107516	-89.18327568847396	-99.02126425877739
-1.6499999982995481	-10.5138236135709	-20.65577673351902	-30.461044878548687	-40.49538523950358	-49.81035586055784	-59.80769798856559	-69.74234500335082	-79.50806362614205	-89.35988939535429	-99.16725143579303
-1.5499999984026056	-10.659633006160352	-20.77151588766178	-30.628069053008694	-40.58684939129353	-50.02671292154797	-59.93707677802353	-69.90803604567468	-79.65726457918174	-89.54431782525444	-99.31575859687024
-1.449999998505663	-10.823909738189732	-20.918967612200966	-30.744439567752355	-40.72706172345221	-50.16230409975746	-60.112054816763234	-70.11248757535584	-79.78574401907586	-89.65531277840836	-99.44546364560549
-1.3499999986087206	-10.970179085077808	-21.02036101676474	-30.886250538885548	-40.88867803927658	-50.31372648374587	-60.203672765715325	-70.21847805438341	-79.97462501902083	-89.84020299848375	-99.63214427627496
-1.249999998711778	-11.079431184140562	-21.197546128222562	-30.978866046784482	-41.000092189544866	-50.389247978985715	-60.366450569344124	-70.29735871745625	-80.07635956486938	-89.96676187785685	-99.75483857888166
-1.1499999988148355	-11.191217695205982	-21.29129946382278	-31.071715018768913	-41.093652051504584	-50.54991456168432	-60.45425175317502	-70.39083553320035	-80.18606950029621	-90.13002698538605	-99.88071294766422
-1.0499999989178939	-11.296745114207159	-21.43419745668908	-31.18255051227522	-41.199813079070196	-50.68040956967478	-60.5361763859995	-70.51944507354048	-80.29923840373027	-90.20232587624506	-100.0023400203049
-0.9499999990209522	-11.393680110646876	-21.532042137372912	-31.24889886152699	-41.29440667408355	-50.7869139378234	-60.651400753009796	-70.57870248364517	-80.41439287811548	-90.24380322725528	-100.13956098172947
-0.8499999991240097	-11.502622571974332	-21.62821313464942	-31.377324982041994	-41.34917187209147	-50.84001863277034	-60.76600126313384	-70.67407826800377	-80.41710359809883	-90.36058079885112	-100.1867012278108
-0.7499999992270672	-11.554527954824742	-21.711571865083275	-31.35115897383242	-41.43342012994682	-50.98571766877478	-60.78789205961042	-70.7367830956004	-80.49813088097541	-90.3872152032008	-100.26517979850584
-0.6499999993301246	-11.619912656872575	-21.746063645486036	-31.420829618393892	-41.496420027529645	-51.06694916274436	-60.903441846456204	-70.77363111359082	-80.5564752936046	-90.47129835580448	-100.31237844821199
-0.5499999994331821	-11.657700905690213	-21.804213065133702	-31.418617564302423	-41.520423046717106	-51.151182818583266	-61.01509759599957	-70.85718835367038	-80.62857206557317	-90.57913402549522	-100.42340221837138
-0.4499999995362396	-11.703256526537889	-21.90060701060088	-31.516679121802657	-41.56901762107114	-51.18795153583002	-61.023695436279624	-70.91247535994347	-80.67462973636296	-90.6011988483424	-100.36295001056328
-0.34999999963929707	-11.74045139959981	-21.896058611686662	-31.514394221624634	-41.622005591637716	-51.18700888479168	-61.10676340979168	-70.94709814732255	-80.72366100628501	-90.61183185470925	-100.40656424740834
-0.24999999974235454	-11.776535107478617	-21.889391777907115	-31.556207178899207	-41.6468379785085	-51.2303268571163	-61.17265043343763	-70.96072713446243	-80.79083721719378	-90.65547998590634	-100.47612926013346
-0.1499999998454129	-11.799967332534585	-21.963701524336425	-31.56419030030888	-41.67688473842034	-51.228684888528775	-61.19847503031897	-70.95485371781689	-80.78226983340173	-90.64159649015208	-100.51483099951719
-0.04999999994847126	-11.803174240619324	-22.00078557318671	-31.558396809026334	-41.670157900209944	-51.286363300315614	-61.2500989331971	-71.01604707171117	-80.74583578474423	-90.56452768557564	-100.48374093857325
0.04999999994847126	-11.796102404533217	-22.010671122949358	-31.568564964414712	-41.63616767180281	-51.294266064077405	-61.23543468358122	-71.04790283773018	-80.78551288588828	-90.5976523989651	-100.43521380138506
0.1499999998454138	-11.813881546652548	-22.01357722135989	-31.4789473335126	-41.635409047321616	-51.28761074259725	-61.197974599072815	-71.0178087666117	-80.758012391231	-90.59983728337502	-100.45345158541542
0.24999999974235632	-11.786450294912019	-21.96567384888153	-31.509338651188195	-41.633366369168414	-51.293443885528866	-61.24171358083689	-70.9980922683348	-80.7258564481052	-90.60653586131532	-100.44029813135988
0.34999999963929884	-11.750776331556663	-21.928176592458573	-31.45544225535618	-41.56390938857884	-51.30157845642003	-61.20801166624473	-70.96346313995346	-80.70130924594683	-90.58122106195425	-100.38389330925156
0.44999999953624137	-11.722845975954964	-21.906915454452566	-31.439918867775773	-41.53311727553771	-51.224401216797965	-61.11637271337285	-70.94755835415357	-80.65794647672386	-90.50221466960002	-100.3668054565062
0.5499999994331839	-11.694655179993722	-21.835228635966764	-31.341516824811762	-41.462491963805945	-51.148942283459625	-61.10710739728645	-70.92061553620306	-80.62112974421436	-90.421199337552	-100.30468824358144
0.6499999993301255	-11.610288082536993	-21.815212672757237	-31.340728681494124	-41.3591953423539	-51.14344880696633	-61.041521726800966	-70.86963897231232	-80.59549395754063	-90.32188627225437	-100.23991755023134
0.7499999992270672	-11.55053911826351	-21.73055931877275	-31.258334721350064	-41.28673538558499	-51.03910930845136	-60.98369081852245	-70.82327964520834	-80.55911748118238	-90.2721101662354	-100.19427225903632
0.8499999991240097	-11.483651122266233	-21.667758367253633	-31.102041970714588	-41.158422269353856	-50.97558911542346	-60.928628446788835	-70.75339741461356	-80.45311502954986	-90.1887163330883	-100.11279051923282
0.9499999990209522	-11.377185921889247	-21.586612863147987	-31.107521411362654	-41.05344565409604	-50.91428663191069	-60.87122016015245	-70.58118364138663	-80.31625254229779	-90.14221089232468	-100.01971374788882
1.0499999989178948	-11.3039559852119	-21.486891805272705	-30.94760171481669	-40.93942060614278	-50.803231341526015	-60.7463241486545	-70.50067343818691	-80.21855404293755	-90.01901169515413	-99.89209158526884
1.1499999988148373	-11.207133731346065	-21.383963530729147	-30.844673440273134	-40.794280928422815	-50.679146156830846	-60.628132749438194	-70.3708058014648	-80.09103135512991	-89.92773787397569	-99.82696636959143
1.2499999987117798	-11.087436205031135	-21.287838081332623	-30.759850170328356	-40.6783741076906	-50.584607885894755	-60.4956667039272	-70.2482732255037	-79.979726129114	-89.8082207026087	-99.6730713715299
1.3499999986087223	-10.999914120923716	-21.148776273615375	-30.67786124349516	-40.56942802513559	-50.47351539774369	-60.40296305194935	-70.1416349218212	-79.87534194905768	-89.72294674434613	-99.50933852500602
1.4499999985056649	-10.84786026853724	-20.99205620356705	-30.50929286691882	-40.4483405948535	-50.31759895583897	-60.24582790026354	-70.03938897342107	-79.69908373907514	-89.6099936774269	-99.41194671913873
1.5499999984026065	-10.704524547379622	-20.860403725588945	-30.356298909000735	-40.25883601000087	-50.17622646770599	-60.10757234837051	-69.90475449453571	-79.57150654223815	-89.43427626149573	-99.26513935631085
1.6499999982995481	-10.556099155887797	-20.688553273040924	-30.144815783220658	-40.14347714262638	-50.057261500639875	-59.942228603538624	-69.76021273246081	-79.3695305464096	-89.28455133475941	-99.10617786081522
1.7499999981964907	-10.431081793877356	-20.510285804155302	-29.9184929442609	-39.97975318066957	-49.894477365131685	-59.80394698934536	-69.56610136576485	-79.2202938782539	-89.13135269628634	-98.9614627790177
1.8499999980934332	-10.281821243252258	-20.38120447260946	-29.70531985884449	-39.81866306836789	-49.72758582339396	-59.685608908578104	-69.43015934455302	-79.0694860196787	-88.95963500777566	-98.8153493788401
1.9499999979903757	-10.108467133222666	-20.134128069716468	-29.57319637130076	-39.64701724131878	-49.50503660580776	-59.471592849810875	-69.26325458716475	-78.8907250987796	-88.75682226209716	-98.59550459126717
2.0499999978873182	-9.9281801651265	-19.949139593802798	-29.38182319692242	-39.47469067061995	-49.39148923721575	-59.26919733676439	-69.07688959184566	-78.72819090761485	-88.5751610173158	-98.47252988884375
2.1499999977842608	-9.711115659888671	-19.741676294988274	-29.179948735010463	-39.250221105191414	-49.20202251800609	-59.107258541076334	-68.83983914163376	-78.54761590025691	-88.39506206190941	-98.20785874916103
2.2499999976812033	-9.49408972140025	-19.561607560758084	-28.989234364564076	-39.04424056473911	-48.981887968921946	-58.88322320688993	-68.58490052604824	-78.40381010210908	-88.17107693473392	-97.99800736454789
2.349999997578145	-9.283033057369623	-19.35891808550201	-28.74698614526192	-38.82025866558783	-48.72614334272368	-58.6638873839379	-68.4748758019771	-78.17747041213384	-87.94382007645133	-97.77972447766366
2.4499999974750866	-9.070733417589766	-19.171841564209018	-28.534903023202865	-38.57213444578859	-48.47966381915105	-58.399959323336546	-68.18043142497612	-77.96530434617601	-87.69646027594753	-97.53460898717532
2.549999997372029	-8.8110561229431	-18.930823726772033	-28.343206580154373	-38.36216338249662	-48.286237568641134	-58.21222019900463	-67.95430584499931	-77.69744857354485	-87.50591090567187	-97.31261218952031
2.6499999972689716	-8.537387898701757	-18.66773210046398	-28.059310108671077	-38.165289424790544	-48.023675003414255	-57.99542849662047	-67.7043599546943	-77.40254387404454	-87.20089310845736	-97.11690194154717
2.749999997165914	-8.351138607086154	-18.400110826364262	-27.84481160485982	-37.88801762056503	-47.79230485327172	-57.722142181130636	-67.39186750320441	-77.1660433192602	-86.98956732765595	-96.81065105393726
2.8499999970628567	-8.0519780789023	-18.112041938480523	-27.586591026722843	-37.560024329945634	-47.48130268349031	-57.453102876208526	-67.19448317920094	-76.92789390135955	-86.66171942604848	-96.58171988695882
2.949999996959799	-7.789868559054706	-17.85874342334408	-27.307312984052516	-37.309514009524676	-47.24450022912018	-57.14983607251392	-66.89947290023179	-76.67330724454104	-86.45174164807361	-96.28201313827847
3.0499999968567417	-7.424165281042028	-17.591208695503628	-26.988028634422427	-37.05944296763484	-46.955855551499	-56.88549806151198	-66.64286097256597	-76.34887272053646	-86.15821441518236	-95.99401181874853
3.1499999967536843	-7.2399325913204695	-17.30213183501142	-26.641480887551136	-36.73880675700889	-46.68382005637351	-56.59502773192478	-66.44363662295092	-76.0762336656751	-85.8476744372909	-95.68090045678636
3.249999996650626	-6.970730078143525	-17.02293931442628	-26.314490941827287	-36.43010154239416	-46.397830696991754	-56.27723045399879	-66.09565019414485	-75.69701862643143	-85.57411086760803	-95.37987533161554
3.3499999965475675	-6.736966958001855	-16.663926866723127	-26.03613095359087	-36.11394989302977	-46.12781535303551	-55.99986383673625	-65.74640513880965	-75.45855057133073	-85.25795457032353	-95.05346708119436
3.44999999644451	-6.313548046277095	-16.39388387114213	-25.7280335288446	-35.75139082723111	-45.78678345064718	-55.6364481964858	-65.40216681927703	-75.15599359725874	-84.94866131468963	-94.71012436719634
3.5499999963414526	-6.2166061010848646	-16.05063638860577	-25.319340003878867	-35.46188382618925	-45.424724604424895	-55.342460170226225	-65.04279060538026	-74.85207736251756	-84.6491482863492	-94.381788204165
3.649999996238395	-5.730099782973574	-15.692893441407108	-25.011370471987867	-35.13764151102265	-45.11107481424544	-54.90681010428734	-64.73114621851803	-74.52353459853545	-84.30694273074104	-94.0179977827325
3.7499999961353376	-4.290459441148391	-15.378201667144351	-24.61693511362175	-34.76997443074839	-44.7200592686613	-54.59169489174825	-64.48407093952966	-74.1441484558901	-83.94399623366647	-93.64039811426203
3.84999999603228	-4.406719247264253	-15.046868347191285	-24.309421590614402	-34.433409203519325	-44.37755873777434	-54.23285344770899	-64.08283473272198	-73.86013528500771	-83.56456195674559	-93.2620703041371
3.9499999959292227	-3.9889840465642745	-14.657683594560515	-23.96560429487556	-34.05057972345706	-44.01016401534506	-53.87864595868238	-63.79455603121706	-73.48137899853668	-83.19158515404251	-92.88237441312597
4.049999995826164	-3.2188758248682006	-14.3433260333499	-23.55785760994455	-33.60760766945893	-43.62665356262933	-53.500042667341425	-63.439621040021905	-73.11488968337704	-82.79735642997994	-92.44349710986036
4.149999995723106	-2.5649493574615367	-13.915720532327319	-23.220643546789447	-33.20136987966637	-43.186713878672336	-53.10715687185788	-62.949619722556236	-72.74758007887743	-82.4676254469509	-92.12489271684285
4.2499999956200485	-3.4339872044851463	-13.538577177458603	-22.852827012825298	-32.858464934006356	-42.79170544469183	-52.70613293726629	-62.54053832861497	-72.38039361590624	-82.09513904384549	-91.67704297225416
4.349999995516991	-2.0794415416798357	-13.127900021862091	-22.508489369397957	-32.36535690129886	-42.41657456585932	-52.27637142977072	-62.10820185054261	-71.9343222795023	-81.67376032003192	-91.19129123084792
4.4499999954139335	0.0	-12.69778272590377	-22.10746563900821	-31.926266383377147	-42.008360266459746	-51.907739390951335	-61.69491782108708	-71.57098278804524	-81.27455491538637	-90.76245126351533
4.549999995310876	0.0	-12.27824445882314	-21.74066563200813	-31.496928464787736	-41.61071746062478	-51.46280645007491	-61.221961631721115	-71.18612086378998	-80.85571984347573	-90.40288953116993
4.649999995207819	0.0	-11.815190684546753	-21.265571055496878	-31.030485958169066	-41.21115059851183	-51.00214111982081	-60.77597546413007	-70.72026901105845	-80.5050856338769	-90.07603320831942
4.749999995104761	0.0	-11.371177551860013	-20.830952809104474	-30.58530209863688	-40.73592312922732	-50.558688576685086	-60.30071546309459	-70.32123021015559	-80.00400874549297	-89.5848086163785
4.849999995001704	0.0	-10.930890228847442	-20.382764017249425	-30.10262916725855	-40.29339871222512	-50.04484169885156	-59.79179239356746	-69.84817269220673	-79.5721746627681	-88.99528496563093
4.949999994898645	0.0	-10.494242031340844	-19.9262047982593	-29.685475500035018	-39.858150142386684	-49.595937239145094	-59.32756828473503	-69.35905319533451	-79.15261426849203	-88.67256942291954
5.049999994795587	0.0	-9.968713337453835	-19.491306435816004	-29.129069083252393	-39.39535777620719	-49.03096588358772	-58.866709784037326	-68.88753582899069	-78.58024061991082	-88.1514670565972
5.1499999946925294	0.0	-9.44643963445061	-18.93350223864223	-28.65204479617769	-38.87449504119863	-48.54869520766006	-58.44005957039388	-68.44144486120646	-78.09081405812896	-87.68804815262787
5.249999994589472	0.0	-9.032886946579088	-18.517368120440384	-28.209764202686443	-38.38613739843159	-48.02520357209049	-57.89637452315007	-67.94741964004382	-77.65938342502119	-87.08901995658269
5.3499999944864145	0.0	-8.569975376855206	-17.939965566360925	-27.701140426122336	-37.93094164846119	-47.45433939922039	-57.33112356892197	-67.47078935104275	-77.16324718264818	-86.56717870367655
5.449999994383357	0.0	-8.056426767522984	-17.37777169754208	-27.184252632136058	-37.38487741589472	-47.00108281600039	-56.8125647227405	-66.96377135915688	-76.58130867208598	-86.0579287102535
5.5499999942802996	0.0	-7.584773077612199	-16.944653516857958	-26.65546610052064	-36.846760717696704	-46.45547444396729	-56.24079763815278	-66.48022156947823	-76.08685175162712	-85.52209412793238
5.649999994177242	0.0	-6.921658184151129	-16.48364085753797	-26.15941191878975	-36.346498218340024	-45.9830862376069	-55.64641123365922	-65.93011446005006	-75.50113175734428	-84.98492849450827
5.749999994074184	0.0	-6.09807428216624	-15.927107648777422	-25.492882195256204	-35.74519395518635	-45.41245271685962	-55.10774690503422	-65.41366162246506	-74.94143702504238	-84.46403012340454
5.849999993971125	0.0	-5.459585514144159	-15.453325020657314	-25.00384503404303	-35.25502732893711	-44.938179882481066	-54.49959957203882	-64.85483131020383	-74.3614169852923	-83.79586044807739
5.949999993868068	0.0	-4.859812404361672	-14.92584388608308	-24.40933627872672	-34.70732909913467	-44.296790603879415	-53.90133289168505	-64.25875820578013	-73.93390120520998	-83.23444784507231
6.04999999376501	0.0	-3.828641396489095	-14.322135370665656	-23.772437078882206	-34.12137938774266	-43.73123386233357	-53.31265491555608	-63.67678996491392	-73.41587446115844	-82.6843893971857
6.149999993661954	0.0	-2.70805020110221	-13.833045911053334	-23.090842224185813	-33.57167321153824	-43.17243273341732	-52.797528260408754	-63.126642960876985	-72.86619882173075	-82.01039939120238
6.249999993558896	0.0	-3.4339872044851463	-13.219872954941096	-22.534032655556274	-32.99793567619839	-42.51576074792253	-52.17020985159908	-62.605413298792705	-72.21848170316717	-81.49928053879191
6.349999993455837	0.0	-3.044522437723423	-12.616515344851116	-21.931215732151543	-32.423961089155355	-41.830114924773795	-51.54528296871233	-62.00446434260331	-71.71412439815929	-80.89163161304023
6.44999999335278	0.0	0.0	-12.022432219410288	-21.303044644371802	-31.846858601284293	-41.24575107980507	-50.941537727207844	-61.386884346090135	-71.09143303600887	-80.31863052505147
6.549999993249722	0.0	0.0	-11.38120956619612	-20.66070279686062	-31.259110956505836	-40.641133150171626	-50.29654388484833	-60.809280571326546	-70.44488867870707	-79.64295401980765
6.649999993146665	0.0	0.0	-10.756774584831282	-20.053200905720594	-30.611302689099883	-40.03457464731386	-49.61875185194003	-60.14423960941757	-69.8994591452846	-78.89512004435869
6.749999993043607	0.0	0.0	-10.166044106207172	-19.368453107857075	-30.00035845503507	-39.41689965759515	-48.95841253309764	-59.49850336938185	-69.26777357979817	-78.22063772137965
6.84999999294055	0.0	0.0	-9.52857589747142	-18.78159254372804	-29.40880497728825	-38.69814135549093	-48.3080628924163	-58.83967898913792	-68.58867413679877	-77.56493639240796
6.949999992837492	0.0	0.0	-8.939056445334039	-18.228947096068232	-28.781159611611557	-38.04617754487843	-47.64463338662767	-58.11743242864884	-67.92776248269871	-76.90035315097133
7.049999992734433	0.0	0.0	-8.267448958304849	-17.492480879024022	-28.102993862152804	-37.4904757308814	-47.0197787953424	-57.47121433094627	-67.2645521399814	-76.12405762450054
7.1499999926313755	0.0	0.0	-7.599401333415815	-16.900587388691573	-27.409237544119094	-36.81415737028473	-46.35645982340424	-56.79386433092976	-66.61445928537631	-75.58234585750378
7.249999992528318	0.0	0.0	-7.066466970136958	-16.35126525303115	-26.78755516213664	-36.12707999249365	-45.63870944032783	-56.084579421534166	-65.91555004323112	-74.804168850532
7.349999992425261	0.0	0.0	-6.049733455231958	-15.66820205273579	-26.070311060199003	-35.42743216338338	-45.000538888934614	-55.39789917358407	-65.24481637463181	-74.16065144880808
7.449999992322203	0.0	0.0	-5.313205979041787	-14.969321322529634	-25.382483837074357	-34.67495703858906	-44.21783333865065	-54.6826209741863	-64.62624228446208	-73.33949555878279
7.549999992219146	0.0	0.0	-4.709530201312334	-14.267353398858333	-24.71956911220892	-33.90006864217408	-43.58540018490703	-54.00078278916717	-63.9023685344137	-72.66250790444032
7.649999992116088	0.0	0.0	-3.5263605246161616	-13.642496749373848	-23.989483522002736	-33.24038985572558	-42.82187990539481	-53.227202789858794	-63.25330612593511	-71.93956675846688
7.749999992013031	0.0	0.0	-3.4965075614664802	-12.966747624881991	-23.278729027586294	-32.59702654106757	-41.97601203902146	-52.525921973611304	-62.49294754695142	-71.0614040323052
7.849999991909973	0.0	0.0	0.0	-12.20025576020861	-22.529305122552024	-31.858405830249048	-41.32470538248106	-51.7461828339672	-61.660857575893885	-70.1860189369593
7.949999991806914	0.0	0.0	0.0	-11.426899057284485	-21.806620788816986	-31.05666252764472	-40.57742445904217	-51.035026983442684	-60.87210760378122	-69.1785797638818
8.049999991703856	0.0	0.0	0.0	-10.657659274933835	-21.026860015923482	-30.306913000310963	-39.84165302767409	-50.193729032700475	-60.205442990307475	-68.53002183544433
8.149999991600799	0.0	0.0	0.0	-9.864122829013851	-20.253548873808022	-29.518945451532282	-39.048539234797566	-49.49847048870143	-59.37412425030812	-67.77859657166024
8.249999991497742	0.0	0.0	0.0	-9.150271845510064	-19.4915626140663	-28.787254653141986	-38.30933536266302	-48.718796788234116	-58.596197006006925	-66.84812171980828
8.349999991394684	0.0	0.0	0.0	-8.343077871169383	-18.701550588277065	-27.991902898222634	-37.507593340304005	-47.9124923419955	-57.809911519130026	-66.12572265101356
8.449999991291627	0.0	0.0	0.0	-7.662937850461535	-17.89784920339665	-27.18653854178381	-36.690145364505675	-47.11498296426401	-56.95898586996525	-65.29201580970816
8.54999999118857	0.0	0.0	0.0	-6.744059186311348	-17.141511005538053	-26.330525590799482	-35.992641973747084	-46.28336277279657	-56.13960147273209	-64.49803337176338
8.649999991085512	0.0	0.0	0.0	-6.324358962381311	-16.31296860833426	-25.450630754812458	-35.16295780188743	-45.40266755978956	-55.338912676563865	-63.67242338554681
8.749999990982454	0.0	0.0	0.0	-5.575949103146316	-15.507051822715418	-24.65732366822548	-34.38663638910342	-44.60307163321381	-54.5975874840975	-62.76862167330298
8.849999990879395	0.0	0.0	0.0	-5.288267030694535	-14.679594736451534	-23.738414300786474	-33.53914904574777	-43.78821014915145	-53.800238155977034	-62.09353751468836
8.949999990776337	0.0	0.0	0.0	-4.454347296253507	-13.821862342601689	-22.931719175999547	-32.650201574112515	-42.94812699090761	-52.9672619669697	-61.3024535504029
9.04999999067328	-0.0999999998969443	-0.1999999997938886	-0.2999999996908329	-3.4910424529460933	-13.11458643450108	-22.192616367235182	-31.893037445172727	-42.236811379688966	-52.14483374030397	-60.59005166687734
9.149999990570223	-0.3999999995877701	-0.4999999994847144	-0.5999999993816587	-3.791042452636919	-13.414586434191905	-22.492616366926008	-32.19303744486355	-42.53681137937979	-52.4448337399948	-60.89005166656817
9.249999990467165	-0.5999999993816587	-0.699999999278603	-0.7999999991755473	-3.9910424524308077	-13.614586433985794	-22.692616366719896	-32.39303744465744	-42.73681137917368	-52.64483373978869	-61.09005166636206
9.349999990364108	-0.7999999991755402	-0.8999999990724845	-0.9999999989694288	-4.191042452224689	-13.814586433779676	-22.892616366513778	-32.593037444451326	-42.93681137896756	-52.84483373958257	-61.29005166615594
9.44999999026105	-0.9999999989694288	-1.0999999988663731	-1.1999999987633174	-4.391042452018578	-14.014586433573564	-23.092616366307666	-32.793037444245215	-43.13681137876145	-53.04483373937646	-61.49005166594983
9.549999990157993	-1.1999999987633103	-1.2999999986602546	-1.399999998557199	-4.591042451812459	-14.214586433367446	-23.292616366101548	-32.99303744403909	-43.33681137855533	-53.24483373917034	-61.69005166574371
9.649999990054935	-1.399999998557199	-1.4999999984541432	-1.5999999983510875	-4.791042451606348	-14.414586433161334	-23.492616365895437	-33.19303744383298	-43.53681137834922	-53.44483373896423	-61.8900516655376
9.749999989951876	-1.5999999983510804	-1.6999999982480247	-1.799999998144969	-4.991042451400229	-14.614586432955216	-23.692616365689318	-33.393037443626866	-43.7368113781431	-53.64483373875811	-62.09005166533148
9.849999989848818	-1.799999998144962	-1.8999999980419062	-1.9999999979388505	-5.191042451194111	-14.814586432749097	-23.8926163654832	-33.59303744342074	-43.93681137793698	-53.84483373855199	-62.29005166512536
9.949999989745761	-1.9999999979388505	-2.099999997835795	-2.199999997732739	-5.3910424509879995	-15.014586432542986	-24.092616365277088	-33.79303744321463	-44.13681137773087	-54.04483373834588	-62.49005166491925
