S_N	iter1	iter2	iter3	iter4	iter5	iter6	iter7	iter8	iter9	iter10
-99.5	0.0	0.0	0.0	0.0	0.0	0.0	0.0	0.0	0.0	0.0
-98.5	0.0	0.0	0.0	0.0	0.0	0.0	0.0	0.0	0.0	0.0
-97.5	0.0	0.0	0.0	0.0	0.0	0.0	0.0	0.0	0.0	0.0
-96.5	0.0	0.0	0.0	0.0	0.0	0.0	0.0	0.0	0.0	0.0
-95.5	0.0	0.0	0.0	0.0	0.0	0.0	0.0	0.0	0.0	0.0
-94.5	0.0	0.0	0.0	0.0	0.0	0.0	0.0	0.0	0.0	0.0
-93.5	0.0	0.0	0.0	0.0	0.0	0.0	0.0	0.0	0.0	0.0
-92.5	0.0	0.0	0.0	0.0	0.0	5.0	0.0	0.0	0.0	0.0
-91.5	0.0	0.0	0.0	0.0	96.0	38.0	99.0	119.0	85.0	18.0
-90.5	0.0	0.0	0.0	0.0	1994.0	1289.0	1589.0	998.0	1631.0	352.0
-89.5	0.0	0.0	0.0	0.0	41308.0	25882.0	30721.0	19194.0	28647.0	5198.0
-88.5	0.0	0.0	0.0	0.0	101862.0	26587.0	28963.0	20455.0	28469.0	5826.0
-87.5	0.0	0.0	0.0	0.0	246298.0	25125.0	30136.0	19933.0	30992.0	6181.0
-86.5	0.0	0.0	0.0	0.0	581953.0	24493.0	29649.0	19648.0	33508.0	6296.0
-85.5	0.0	0.0	0.0	0.0	1.372849e6	26103.0	26628.0	21249.0	32668.0	6198.0
-84.5	0.0	0.0	0.0	39.0	82510.0	25394.0	26717.0	21790.0	32615.0	6514.0
-83.5	0.0	0.0	0.0	302.0	24633.0	24768.0	27981.0	21287.0	33222.0	6123.0
-82.5	0.0	0.0	0.0	836.0	20330.0	25394.0	27264.0	20810.0	32289.0	6031.0
-81.5	0.0	0.0	0.0	1999.0	19668.0	25641.0	26734.0	19881.0	32023.0	6029.0
-80.5	0.0	0.0	0.0	5090.0	17896.0	24412.0	25443.0	21966.0	30655.0	5521.0
-79.5	0.0	0.0	0.0	10247.0	18119.0	25910.0	25416.0	22702.0	29840.0	4657.0
-78.5	0.0	0.0	0.0	23149.0	17302.0	25379.0	27325.0	21070.0	33021.0	4071.0
-77.5	0.0	0.0	0.0	51409.0	16388.0	26749.0	27052.0	20538.0	36664.0	3562.0
-76.5	0.0	0.0	2.0	55014.0	18493.0	24663.0	25602.0	22316.0	36513.0	3458.0
-75.5	0.0	0.0	44.0	5137.0	19372.0	23843.0	26420.0	21305.0	38208.0	3213.0
-74.5	0.0	0.0	109.0	4487.0	17838.0	23635.0	29173.0	21598.0	34690.0	2885.0
-73.5	0.0	0.0	106.0	10000.0	17283.0	22034.0	31938.0	21405.0	33939.0	3087.0
-72.5	0.0	0.0	127.0	18505.0	15725.0	21308.0	31572.0	21316.0	36340.0	3642.0
-71.5	0.0	0.0	224.0	22143.0	16181.0	18226.0	35975.0	20449.0	36849.0	3435.0
-70.5	0.0	0.0	522.0	19417.0	15222.0	19271.0	38016.0	18504.0	37466.0	3710.0
-69.5	0.0	0.0	1102.0	19782.0	13850.0	19590.0	37906.0	18077.0	39050.0	5355.0
-68.5	0.0	0.0	2112.0	19500.0	15031.0	18680.0	36368.0	19731.0	38436.0	5714.0
-67.5	0.0	0.0	4165.0	20353.0	14486.0	19226.0	35012.0	20640.0	36958.0	5595.0
-66.5	0.0	0.0	8000.0	20959.0	12990.0	21904.0	33710.0	21160.0	37262.0	5255.0
-65.5	0.0	0.0	17746.0	19369.0	12904.0	21657.0	32273.0	20956.0	39661.0	5110.0
-64.5	0.0	0.0	35746.0	18892.0	13049.0	21988.0	29895.0	21886.0	39089.0	5028.0
-63.5	0.0	0.0	68287.0	17809.0	13907.0	20960.0	29413.0	23792.0	36365.0	6185.0
-62.5	0.0	12.0	9855.0	17773.0	14528.0	21400.0	29351.0	26278.0	32742.0	6811.0
-61.5	0.0	11.0	20519.0	17176.0	14417.0	22651.0	29486.0	26726.0	32612.0	6752.0
-60.5	0.0	62.0	7193.0	15719.0	14724.0	23499.0	29972.0	25035.0	34457.0	6423.0
-59.5	0.0	160.0	5464.0	14265.0	15169.0	23011.0	30910.0	22599.0	38729.0	5780.0
-58.5	0.0	133.0	12515.0	13323.0	15813.0	22133.0	30619.0	22143.0	42118.0	4729.0
-57.5	0.0	183.0	14940.0	14071.0	16113.0	22763.0	28438.0	23703.0	43270.0	3835.0
-56.5	0.0	310.0	14220.0	14788.0	18256.0	20390.0	28741.0	23239.0	44704.0	4052.0
-55.5	0.0	385.0	20922.0	14769.0	16915.0	21039.0	28723.0	23877.0	43794.0	4516.0
-54.5	0.0	392.0	36532.0	15216.0	15215.0	22097.0	31188.0	21187.0	43850.0	4826.0
-53.5	0.0	651.0	35724.0	15997.0	14176.0	23172.0	33034.0	18258.0	48915.0	5542.0
-52.5	0.0	1314.0	28544.0	17294.0	14859.0	21298.0	31459.0	19828.0	46870.0	5875.0
-51.5	0.0	1835.0	34298.0	16331.0	15419.0	22847.0	32261.0	17862.0	46025.0	6472.0
-50.5	0.0	2869.0	37494.0	15868.0	14670.0	23159.0	35308.0	17359.0	42751.0	6252.0
-49.5	0.0	4906.0	35231.0	16167.0	14490.0	22964.0	37829.0	16863.0	40426.0	6754.0
-48.5	0.0	8434.0	33399.0	17347.0	13605.0	23087.0	36543.0	16189.0	42512.0	7002.0
-47.5	0.0	14014.0	32564.0	18440.0	12830.0	22176.0	37500.0	15359.0	45249.0	7025.0
-46.5	0.0	23046.0	32300.0	18164.0	12349.0	22506.0	38864.0	15343.0	44528.0	7420.0
-45.5	0.0	36762.0	33926.0	16857.0	11604.0	24197.0	38583.0	14994.0	47990.0	7577.0
-44.5	0.0	56980.0	35604.0	16218.0	10907.0	27995.0	35851.0	13742.0	52696.0	8188.0
-43.5	0.0	87052.0	37349.0	16018.0	10701.0	28399.0	36773.0	15173.0	45569.0	9270.0
-42.5	0.0	130405.0	38863.0	16169.0	10313.0	29966.0	33382.0	16776.0	43295.0	8438.0
-41.5	0.0	197938.0	37756.0	15051.0	11402.0	29708.0	31763.0	17810.0	43024.0	8613.0
-40.5	0.0	300422.0	35163.0	15261.0	11876.0	29220.0	30104.0	18668.0	48034.0	8205.0
-39.5	0.0	453347.0	34279.0	14831.0	13886.0	25539.0	30574.0	18987.0	48345.0	8515.0
-38.5	0.0	676055.0	34574.0	15692.0	14767.0	22503.0	31470.0	19189.0	45668.0	9481.0
-37.5	22.0	47052.0	33607.0	15874.0	15082.0	21362.0	31459.0	18387.0	47076.0	9137.0
-36.5	62.0	24578.0	31060.0	18977.0	14014.0	20086.0	31358.0	17017.0	51996.0	9118.0
-35.5	174.0	12614.0	30125.0	20096.0	13752.0	19974.0	32228.0	17420.0	48228.0	8374.0
-34.5	356.0	8686.0	31042.0	18734.0	14195.0	20558.0	31157.0	18234.0	44521.0	7848.0
-33.5	745.0	5717.0	30838.0	20269.0	12649.0	21474.0	30559.0	20197.0	39495.0	8129.0
-32.5	995.0	6559.0	27248.0	21373.0	12102.0	23761.0	27587.0	21531.0	37876.0	7781.0
-31.5	1050.0	9362.0	24584.0	21330.0	11638.0	25229.0	25428.0	23067.0	38469.0	8005.0
-30.5	1315.0	10676.0	24139.0	20448.0	10983.0	27565.0	24019.0	23284.0	40827.0	7102.0
-29.5	2184.0	8784.0	21958.0	23059.0	10559.0	28136.0	22687.0	25079.0	38413.0	7553.0
-28.5	3166.0	7814.0	21767.0	25269.0	9424.0	29182.0	22510.0	25046.0	39942.0	7722.0
-27.5	4169.0	8062.0	21890.0	25821.0	8602.0	30803.0	23025.0	23231.0	41158.0	7904.0
-26.5	5878.0	7872.0	21570.0	28094.0	8124.0	28621.0	22401.0	23761.0	39528.0	9225.0
-25.5	8021.0	7477.0	20278.0	30724.0	8122.0	27026.0	22451.0	24955.0	38407.0	9659.0
-24.5	10280.0	6688.0	21660.0	33418.0	7692.0	27061.0	20733.0	26231.0	39621.0	9535.0
-23.5	11793.0	6520.0	25048.0	34209.0	7775.0	24356.0	19975.0	27365.0	39791.0	10318.0
-22.5	14213.0	5796.0	29042.0	33073.0	7875.0	25946.0	20095.0	24537.0	43492.0	9871.0
-21.5	18480.0	5927.0	25850.0	34275.0	8310.0	24635.0	20733.0	24470.0	43363.0	9804.0
-20.5	23197.0	6687.0	22878.0	33414.0	7934.0	23840.0	21578.0	26983.0	40181.0	9957.0
-19.5	28286.0	6716.0	23278.0	33610.0	8024.0	22706.0	21817.0	26188.0	39454.0	10858.0
-18.5	32484.0	7336.0	22983.0	32017.0	8055.0	24903.0	20522.0	26959.0	38814.0	11040.0
-17.5	38972.0	7048.0	23801.0	33963.0	7508.0	25091.0	19541.0	30432.0	35473.0	11565.0
-16.5	48524.0	6412.0	23644.0	36206.0	7086.0	26959.0	18576.0	31017.0	34344.0	13869.0
-15.5	57487.0	6739.0	21383.0	38793.0	6303.0	29170.0	18230.0	33792.0	31521.0	15830.0
-14.5	65822.0	7200.0	19894.0	40111.0	6892.0	27363.0	16197.0	39324.0	29844.0	15761.0
-13.5	75279.0	7279.0	21257.0	35043.0	7928.0	25579.0	14899.0	44111.0	28470.0	15364.0
-12.5	88269.0	7701.0	19355.0	34954.0	8001.0	26575.0	14170.0	44668.0	28680.0	14159.0
-11.5	97396.0	7334.0	21118.0	34250.0	7919.0	27643.0	14381.0	43629.0	27101.0	13732.0
-10.5	106265.0	7273.0	24074.0	31073.0	8102.0	26196.0	14352.0	43806.0	26846.0	13986.0
-9.5	115364.0	6973.0	26367.0	31012.0	8258.0	26168.0	13206.0	43269.0	28273.0	13725.0
-8.5	126655.0	7401.0	24965.0	31122.0	8390.0	25736.0	13827.0	39088.0	29041.0	13856.0
-7.5	137584.0	7307.0	24800.0	33615.0	7630.0	26549.0	14159.0	38573.0	27718.0	14620.0
-6.5	145105.0	7118.0	26971.0	33730.0	7323.0	25553.0	14595.0	39265.0	25699.0	15220.0
-5.5	151489.0	7184.0	28162.0	32455.0	7617.0	24828.0	14599.0	38648.0	24976.0	16026.0
-4.5	159602.0	7190.0	28431.0	28935.0	7506.0	28359.0	14668.0	38106.0	25338.0	14386.0
-3.5	168396.0	7180.0	27258.0	27908.0	7639.0	28846.0	15729.0	37830.0	25037.0	12906.0
-2.5	173009.0	7399.0	25117.0	28025.0	7722.0	29776.0	16733.0	36932.0	23309.0	13131.0
-1.5	177287.0	7207.0	25253.0	27691.0	7630.0	31795.0	16075.0	37632.0	21866.0	13986.0
-0.5	176512.0	7266.0	25430.0	29044.0	7404.0	32244.0	14928.0	38119.0	21818.0	14176.0
0.5	178313.0	7198.0	26040.0	29223.0	7487.0	31935.0	14926.0	36965.0	21883.0	15087.0
1.5	180278.0	7273.0	26103.0	28146.0	7773.0	29872.0	16491.0	35397.0	19717.0	16795.0
2.5	175154.0	7001.0	27748.0	27714.0	6925.0	32740.0	16773.0	36614.0	18675.0	16154.0
3.5	170812.0	6071.0	33336.0	25673.0	7029.0	32310.0	17041.0	37708.0	17646.0	17050.0
4.5	168339.0	5397.0	37866.0	23322.0	7349.0	33345.0	16345.0	40459.0	16045.0	16718.0
5.5	161025.0	5208.0	40486.0	22312.0	7062.0	34039.0	17849.0	38824.0	13496.0	17747.0
6.5	143743.0	5441.0	40696.0	22299.0	6687.0	36487.0	18684.0	37190.0	13023.0	18457.0
7.5	130424.0	5983.0	38193.0	22735.0	6757.0	34627.0	19421.0	36041.0	13711.0	17659.0
8.5	117809.0	6226.0	38697.0	21236.0	7340.0	34004.0	18965.0	37779.0	14160.0	16291.0
9.5	103644.0	6613.0	37791.0	20524.0	7734.0	33381.0	19091.0	36923.0	14548.0	15185.0
10.5	98626.0	6805.0	34410.0	20320.0	8189.0	32974.0	18870.0	35333.0	13834.0	16467.0
11.5	92694.0	5889.0	37634.0	23176.0	7463.0	29904.0	18893.0	37720.0	12647.0	18447.0
12.5	81496.0	5765.0	39843.0	24667.0	7159.0	28198.0	19612.0	34629.0	12838.0	19538.0
13.5	70985.0	5461.0	43060.0	24398.0	7303.0	27530.0	19609.0	32788.0	13254.0	20732.0
14.5	61081.0	5554.0	44282.0	22790.0	7123.0	29154.0	19743.0	32611.0	13997.0	19593.0
15.5	51772.0	6179.0	39409.0	22961.0	7227.0	30009.0	20140.0	32478.0	13919.0	18648.0
16.5	42874.0	5975.0	41466.0	22425.0	6882.0	32565.0	20439.0	32880.0	13587.0	19462.0
17.5	36493.0	6059.0	41754.0	20750.0	6744.0	35062.0	19431.0	32621.0	12773.0	21507.0
18.5	30039.0	6894.0	36189.0	21782.0	6352.0	35744.0	20375.0	30545.0	12296.0	23480.0
19.5	25035.0	7790.0	32678.0	20926.0	6025.0	37819.0	19710.0	32037.0	13419.0	21949.0
20.5	21554.0	6882.0	35734.0	20647.0	6242.0	35369.0	21261.0	30092.0	13219.0	23977.0
21.5	17942.0	6337.0	36819.0	20653.0	7036.0	31338.0	21742.0	29926.0	13808.0	23749.0
22.5	15125.0	6499.0	33814.0	20150.0	8511.0	25073.0	24024.0	28882.0	14850.0	21702.0
23.5	11455.0	7174.0	33283.0	19429.0	9093.0	23707.0	22738.0	29137.0	14604.0	22951.0
24.5	9529.0	6434.0	34399.0	19081.0	8914.0	24039.0	22697.0	29187.0	14755.0	22915.0
25.5	6900.0	6712.0	38201.0	16805.0	9055.0	24966.0	22607.0	29557.0	15444.0	21945.0
26.5	5633.0	6566.0	37968.0	14445.0	10036.0	27068.0	19783.0	32522.0	14978.0	23140.0
27.5	4773.0	6067.0	38049.0	13252.0	11421.0	26835.0	18080.0	32312.0	14294.0	24658.0
28.5	3742.0	5495.0	38857.0	14710.0	10364.0	28107.0	18499.0	29615.0	13819.0	26105.0
29.5	2952.0	5211.0	38442.0	14769.0	9766.0	30026.0	18727.0	31038.0	12019.0	27869.0
30.5	2410.0	5040.0	36427.0	13981.0	9406.0	34087.0	19226.0	28784.0	11480.0	29868.0
31.5	1778.0	4710.0	38115.0	14985.0	8496.0	37064.0	19315.0	26930.0	12274.0	30504.0
32.5	1074.0	5271.0	42070.0	15151.0	7209.0	41457.0	18555.0	29562.0	12781.0	29441.0
33.5	641.0	5976.0	45962.0	15305.0	6580.0	44138.0	18364.0	31004.0	12641.0	28793.0
34.5	508.0	5508.0	44335.0	16778.0	6895.0	38606.0	19373.0	29358.0	12621.0	30992.0
35.5	277.0	7515.0	41774.0	17099.0	6382.0	42321.0	18757.0	28834.0	13352.0	32994.0
36.5	78.0	18004.0	43655.0	16888.0	6345.0	44046.0	19760.0	25999.0	13987.0	31805.0
37.5	36.0	26305.0	45739.0	16667.0	6990.0	40333.0	17901.0	28657.0	13351.0	32728.0
38.5	1.0	632456.0	46132.0	18051.0	6547.0	39696.0	18577.0	26646.0	13150.0	35177.0
39.5	0.0	428768.0	48051.0	18091.0	6263.0	38685.0	19568.0	27012.0	12974.0	34368.0
40.5	0.0	289322.0	48630.0	16591.0	7143.0	35077.0	20786.0	28223.0	11931.0	34428.0
41.5	0.0	188859.0	50848.0	16699.0	7279.0	35458.0	20339.0	26084.0	12141.0	36118.0
42.5	0.0	121593.0	52559.0	16608.0	6500.0	40240.0	21002.0	23434.0	13557.0	37247.0
43.5	0.0	78930.0	51549.0	15440.0	7580.0	38155.0	21166.0	24217.0	12411.0	39163.0
44.5	0.0	51782.0	50570.0	16061.0	7893.0	34854.0	22921.0	23529.0	11556.0	42035.0
45.5	0.0	33043.0	53131.0	15890.0	8065.0	32188.0	24460.0	20666.0	12859.0	38707.0
46.5	0.0	20820.0	53678.0	16148.0	8262.0	29892.0	26033.0	18759.0	13335.0	39284.0
47.5	0.0	12618.0	51688.0	17115.0	9451.0	26147.0	27461.0	17881.0	12659.0	40538.0
48.5	0.0	7770.0	51152.0	17986.0	10066.0	22562.0	28145.0	19158.0	12003.0	41486.0
49.5	0.0	4886.0	49482.0	18613.0	11101.0	18557.0	31162.0	18017.0	11329.0	45213.0
50.5	0.0	3124.0	46705.0	19559.0	10360.0	19154.0	30948.0	18187.0	10852.0	46801.0
51.5	0.0	1359.0	64821.0	20736.0	10510.0	17982.0	29822.0	19695.0	10076.0	48005.0
52.5	0.0	764.0	69681.0	21418.0	11345.0	15650.0	29551.0	20543.0	9034.0	53166.0
53.5	0.0	570.0	55751.0	21741.0	11889.0	15171.0	29652.0	19246.0	9988.0	48334.0
54.5	0.0	419.0	44954.0	21145.0	12821.0	14834.0	27713.0	19277.0	10507.0	47985.0
55.5	0.0	293.0	36372.0	21319.0	12294.0	16327.0	25686.0	19919.0	9745.0	52032.0
56.5	0.0	308.0	18772.0	22534.0	11434.0	18237.0	24327.0	19827.0	9072.0	58566.0
57.5	0.0	186.0	16990.0	21650.0	11541.0	18616.0	24783.0	19551.0	10942.0	52592.0
58.5	0.0	116.0	14934.0	20889.0	12380.0	18310.0	25497.0	19524.0	10976.0	52003.0
59.5	0.0	67.0	14098.0	22261.0	11199.0	20819.0	23497.0	19863.0	10560.0	53809.0
60.5	0.0	104.0	4682.0	23135.0	11664.0	20125.0	24518.0	20467.0	9542.0	58410.0
61.5	0.0	54.0	4314.0	26490.0	12069.0	19541.0	25064.0	21340.0	8433.0	63026.0
62.5	0.0	1.0	119168.0	28475.0	11831.0	18960.0	26408.0	21608.0	8494.0	62163.0
63.5	0.0	0.0	64813.0	29102.0	12468.0	17470.0	26353.0	21310.0	8988.0	57208.0
64.5	0.0	0.0	35185.0	27826.0	13410.0	14388.0	32259.0	19077.0	9019.0	60640.0
65.5	0.0	0.0	17776.0	29372.0	14516.0	12456.0	33115.0	18389.0	10276.0	58361.0
66.5	0.0	0.0	9244.0	29797.0	14971.0	12113.0	33142.0	18380.0	10186.0	60536.0
67.5	0.0	0.0	5100.0	28306.0	15652.0	10879.0	33034.0	18794.0	11972.0	52615.0
68.5	0.0	0.0	2349.0	31650.0	16626.0	10708.0	30766.0	19752.0	11853.0	51786.0
69.5	0.0	0.0	1003.0	35896.0	17353.0	11949.0	28446.0	19681.0	11541.0	51154.0
70.5	0.0	0.0	583.0	31704.0	16175.0	12524.0	27040.0	21276.0	11014.0	53837.0
71.5	0.0	0.0	238.0	37683.0	16112.0	13361.0	24285.0	22256.0	11550.0	52898.0
72.5	0.0	0.0	262.0	17221.0	15427.0	14013.0	23172.0	21078.0	12806.0	52474.0
73.5	0.0	0.0	142.0	15946.0	14031.0	14263.0	25030.0	19106.0	12071.0	58039.0
74.5	0.0	0.0	25.0	42481.0	14869.0	13899.0	26226.0	18366.0	10565.0	67246.0
75.5	0.0	0.0	1.0	523969.0	14426.0	14565.0	23925.0	18871.0	11063.0	67444.0
76.5	0.0	0.0	0.0	243052.0	14945.0	14937.0	22000.0	19885.0	11232.0	63281.0
77.5	0.0	0.0	0.0	111430.0	15461.0	13943.0	24894.0	18658.0	11102.0	62114.0
78.5	0.0	0.0	0.0	50268.0	14674.0	17031.0	24088.0	15263.0	11929.0	63829.0
79.5	0.0	0.0	0.0	23056.0	15259.0	15905.0	25684.0	14328.0	12739.0	58609.0
80.5	0.0	0.0	0.0	9655.0	18378.0	13608.0	25542.0	14991.0	12984.0	58055.0
81.5	0.0	0.0	0.0	3633.0	22155.0	13325.0	23634.0	17030.0	12950.0	55330.0
82.5	0.0	0.0	0.0	1423.0	26290.0	13554.0	22550.0	16263.0	12088.0	60256.0
83.5	0.0	0.0	0.0	537.0	31774.0	13265.0	21416.0	17511.0	10559.0	66078.0
84.5	0.0	0.0	0.0	371.0	20211.0	12956.0	21118.0	17773.0	10510.0	67866.0
85.5	0.0	0.0	0.0	178.0	17132.0	14376.0	20402.0	16923.0	11622.0	63285.0
86.5	0.0	0.0	0.0	104.0	12223.0	14323.0	22610.0	14036.0	12099.0	66693.0
87.5	0.0	0.0	0.0	69.0	7790.0	14277.0	23109.0	14085.0	9367.0	83561.0
88.5	0.0	0.0	0.0	84.0	2427.0	14710.0	24373.0	16260.0	7256.0	91651.0
89.5	0.0	0.0	0.0	56.0	1433.0	15972.0	23092.0	17169.0	7317.0	91484.0
90.5	0.0	0.0	0.0	0.0	81.0	817.0	1164.0	840.0	399.0	5039.0
91.5	0.0	0.0	0.0	0.0	0.0	22.0	47.0	30.0	15.0	253.0
92.5	0.0	0.0	0.0	0.0	0.0	29.0	21.0	1.0	0.0	13.0
93.5	0.0	0.0	0.0	0.0	0.0	0.0	0.0	0.0	0.0	0.0
94.5	0.0	0.0	0.0	0.0	0.0	0.0	0.0	0.0	0.0	0.0
95.5	0.0	0.0	0.0	0.0	0.0	0.0	0.0	0.0	0.0	0.0
96.5	0.0	0.0	0.0	0.0	0.0	0.0	0.0	0.0	0.0	0.0
97.5	0.0	0.0	0.0	0.0	0.0	0.0	0.0	0.0	0.0	0.0
98.5	0.0	0.0	0.0	0.0	0.0	0.0	0.0	0.0	0.0	0.0
99.5	0.0	0.0	0.0	0.0	0.0	0.0	0.0	0.0	0.0	0.0
