E	iter1	iter2	iter3	iter4	iter5	iter6	iter7	iter8	iter9	iter10
-128.0	0.0	0.0	0.0	-7.48324441607385	-18.904054592136273	-30.4905185814413	-42.068407477262184	-53.606776492310836	-65.13135381002151	-76.58078554120706
-124.0	0.0	0.0	0.0	0.0	0.0	0.0	0.0	0.0	0.0	0.0
-120.0	0.0	0.0	0.0	-11.658634903267451	-23.09781694501254	-34.61898831883662	-46.189437131050504	-57.76974083135068	-69.27942103615588	-80.74930329153315
-116.0	0.0	0.0	-0.6931471805599453	-12.307057602377343	-23.81929282918801	-35.27706492769021	-46.87401899225589	-58.46934438447333	-69.96067842320008	-81.44104970424895
-112.0	0.0	0.0	-3.6109179126442243	-15.24011415927984	-26.706031870642725	-38.23054988164876	-49.779874775999	-61.341199852692505	-72.89064045095655	-84.35755339054454
-108.0	0.0	0.0	-4.867534450455582	-16.572393462013668	-28.05651813737817	-39.56018083506921	-51.13928722169858	-62.672270183443786	-74.21934583584394	-85.68948905291873
-104.0	0.0	0.0	-7.053585727193677	-18.687622017912965	-30.153613095693977	-41.65551805738074	-53.23818411422535	-64.78375100391133	-76.29882416093902	-87.78680098054528
-100.0	0.0	0.0	-8.647694999480395	-20.26805682405279	-31.707744707200476	-43.25698281482902	-54.82057287659788	-66.36613008738146	-77.91134847754796	-89.36559555056715
-96.0	0.0	0.0	-10.433880481794647	-22.038582618348308	-33.49126963692677	-45.042155405683395	-56.61415134423061	-68.14352086161678	-79.69718511764594	-91.15696293840529
-92.0	0.0	0.0	-12.095805668407566	-23.6542970576486	-35.14109412978913	-46.6953054816649	-58.27011595030714	-69.79711195925415	-81.31549251810732	-92.79890677970316
-88.0	0.0	-2.302585092994046	-13.762795200292281	-25.366283229316764	-36.83275629541365	-48.38761993174693	-59.93492749957629	-71.47387152694508	-82.99591529355983	-94.45975555083957
-84.0	0.0	-3.5553480614894135	-15.41550199258994	-27.001705799951985	-38.469257259033895	-50.05765191214	-61.56516274440873	-73.13093679367589	-84.65517799354444	-96.10282866639614
-80.0	0.0	-5.365976015021851	-17.052543814398767	-28.637017549708037	-40.1301177871267	-51.69940468176268	-63.22421919112532	-74.76535303235914	-86.29124407971939	-97.74997731560619
-76.0	0.0	-6.977281341630747	-18.680686660471387	-30.251965935621687	-41.76393093949679	-53.340347502248214	-64.85202218531678	-76.36603705666833	-87.92649475208388	-99.37962774890175
-72.0	0.0	-8.584290934948731	-20.31936745887553	-31.8855018821769	-43.39244951546059	-54.94806083688076	-66.47260850167878	-77.97066395398228	-89.52176150556603	-100.99634107461877
-68.0	0.0	-10.139231385826076	-21.919906587540133	-33.466740604161544	-45.02332882486638	-56.540246311106145	-68.06896638197502	-79.57772317007303	-91.12530123794268	-102.59660230321838
-64.0	0.0	-11.713864306296246	-23.494906688223416	-35.02747790544048	-46.570078670720456	-58.10179644886982	-69.6385653855245	-81.14379128476828	-92.65838535683906	-104.16532293011481
-60.0	-1.0986122886681098	-13.230936128305867	-25.00827759763888	-36.52135305136024	-48.08903181798323	-59.61207591647462	-71.15506491065923	-82.64349274402906	-94.15821659094067	-105.68507454644106
-56.0	-1.6094379124341003	-14.695535566399386	-26.46775134531931	-37.983552671035	-49.56709502140077	-61.06455145546707	-72.62758050740354	-84.1182910378026	-95.62416167589913	-107.14765114477284
-52.0	-4.060443010546419	-16.101192799246082	-27.850454409316505	-39.36677410735475	-50.94833904804167	-62.48488337861053	-74.01024124007375	-85.52617218406381	-97.01999637573164	-108.53745156598826
-48.0	-5.278114659230517	-17.428283397815456	-29.187068440383626	-40.6926469826908	-52.26047721283032	-63.79761712730868	-75.3353717809082	-86.86249596527824	-98.3735797353691	-109.86614942008227
-44.0	-6.593044534142437	-18.670993993443226	-30.447982279516527	-41.937229617132175	-53.48792281711708	-65.04359162962615	-76.58810296715556	-88.10507025295212	-99.63898391666069	-111.12255265896992
-40.0	-7.6544432264701125	-19.836253916663765	-31.637788524223424	-43.11522151750315	-54.66475852546995	-66.20400454550553	-77.75723667223488	-89.28224879834026	-100.81642681934395	-112.28610025631937
-36.0	-8.726481196440007	-20.923235561331186	-32.70694360328882	-44.18960571788175	-55.75152132702407	-67.28937352351817	-78.84044219826643	-90.36206969053056	-101.89524866152803	-113.37737465494473
-32.0	-9.721545923560459	-21.908583547110098	-33.69876188904157	-45.19148464669428	-56.74295752127674	-68.27871044588635	-79.81639681379804	-91.35786114357468	-102.87085660609502	-114.39949792750525
-28.0	-10.626387691245421	-22.79006940378146	-34.598310233358866	-46.08691226758272	-57.63929880143386	-69.1659595046578	-80.70012773589669	-92.24521056566597	-103.75661487426426	-115.29108654365547
-24.0	-11.431997365452988	-23.574815997845178	-35.384655786580765	-46.867091115752956	-58.433727949211686	-69.95061555452693	-81.48352010181247	-93.02225950167568	-104.54703448300306	-116.0817801464464
-20.0	-12.11890671114262	-24.25697349792847	-36.05827579394982	-47.54434380475016	-59.111710105398636	-70.63213736143919	-82.16446341211339	-93.69801469487727	-105.2160669951393	-116.76698164601356
-16.0	-12.692619920886537	-24.820558037012475	-36.62470430573265	-48.114135939287145	-59.683725251374916	-71.20764011114474	-82.72697499185571	-94.27038116407952	-105.78014162570659	-117.33008345295602
-12.0	-13.145548512858365	-25.26456978059889	-37.07348025305846	-48.55583310205163	-60.10828692515526	-71.64794195111739	-83.18214934084045	-94.71285578310577	-106.22587124402624	-117.76863702500735
-8.0	-13.466640788532322	-25.58739516840516	-37.395010593124226	-48.87898087363904	-60.426819711554444	-71.96713658311658	-83.50383716673758	-95.02668325914954	-106.5443176198475	-118.08955537428498
-4.0	-13.660660967289052	-25.784612079216906	-37.59115447050192	-49.07340420970369	-60.61950329480504	-72.16771868055372	-83.70315877828112	-95.21629422120444	-106.7486104639666	-118.28491060025328
0.0	-13.724646678699152	-25.85124312272753	-37.64276955141335	-49.13535964720564	-60.68241597089201	-72.23333062176627	-83.77267403933972	-95.2759632241377	-106.79986819315093	-118.34801600383092
4.0	-13.660608429203307	-25.785161860894334	-37.57020388177473	-49.077151515058425	-60.62040247857472	-72.17227938967989	-83.71421010565219	-95.21168685129811	-106.73148862020777	-118.2836540289156
8.0	-13.462115942147111	-25.584040380629148	-37.36742037238453	-48.892353456479036	-60.42405160677255	-71.97926998393304	-83.5158143145019	-95.01654573337142	-106.53551291038778	-118.07585897093401
12.0	-13.144353805795859	-25.26303136436551	-37.03835186256063	-48.57524772816944	-60.11265114854649	-71.65542663548561	-83.18806648856494	-94.68823087623255	-106.20383275640619	-117.75294549213812
16.0	-12.695747153197509	-24.817628079128887	-36.610583916819834	-48.13462734752391	-59.657790230846615	-71.21135847427885	-82.7357380892942	-94.2463308355906	-105.75248341627339	-117.30927264489
20.0	-12.132732839799525	-24.257004148841283	-36.04432125849172	-47.591097273837086	-59.09026858257465	-70.65023029354631	-82.16146432885557	-93.69119774547516	-105.19813531875091	-116.74254976081109
24.0	-11.44571671527678	-23.578680888986312	-35.36900321448875	-46.92187989496121	-58.41626453622617	-69.96676513034949	-81.47657574921952	-93.01314937909545	-104.51270587632672	-116.07168442975649
28.0	-10.647446661645677	-22.794756076894807	-34.57170596596614	-46.11243140579405	-57.63836193709915	-69.16694419234541	-80.67282490118893	-92.21857567222358	-103.73636926859066	-115.28023122712648
32.0	-9.769098649497476	-21.90983245371931	-33.68901459787237	-45.22176229778969	-56.75259644080321	-68.28792898168426	-79.77433591809368	-91.33258841464895	-102.84989427167815	-114.40597500696231
36.0	-8.791638037085997	-20.926289866054553	-32.712321692024176	-44.23000581659258	-55.77202395576608	-67.28960855011704	-78.80189381019984	-90.34267760329847	-101.84320654793214	-113.42057990493325
40.0	-7.771910256435763	-19.833170979880514	-31.631854166927454	-43.15794261842396	-54.68621964289862	-66.20903603101682	-77.70659401885592	-89.23826272664328	-100.76542634630003	-112.33637540628857
44.0	-6.529418838262226	-18.65976527993081	-30.461607055367622	-42.0018363548652	-53.5272831003891	-65.04325392354528	-76.54511844115608	-88.07214403050509	-99.6041659911663	-111.184712720734
48.0	-5.231108616854587	-17.40956851534886	-29.21997290650049	-40.72326209129847	-52.24898531449856	-63.77123715332503	-75.2856215535315	-86.82537393720541	-98.35100830091697	-109.92482188239762
52.0	-3.784189633918261	-16.088218954193664	-27.895983320312013	-39.40121929679786	-50.923054947897846	-62.441047553201095	-73.97366779651476	-85.47541097208241	-97.05243736245916	-108.59757829179175
56.0	-2.5649493574615367	-14.695020701158446	-26.483613854033294	-37.98471974219818	-49.51971976148672	-61.033944382188565	-72.56633908555374	-84.07665113853581	-95.64022218817493	-107.19657106105359
60.0	-1.0986122886681098	-13.228327510848278	-25.028932548267164	-36.52513902663052	-48.05341605110519	-59.566771423651915	-71.12349365412052	-82.61473572425959	-94.1803864578527	-105.73658211805271
64.0	0.0	-11.714436716157325	-23.51805222509364	-35.02554294857382	-46.55080204070287	-58.061154197553975	-69.58979551896421	-81.08159948731233	-92.65031910260475	-104.20738584716835
68.0	0.0	-10.153350928549719	-21.950507518295467	-33.47023976447862	-44.975657113958526	-56.512318636605336	-68.01931656841077	-79.5200783548801	-91.07952474457572	-102.62723803503161
72.0	0.0	-8.57130251706327	-20.345445435318197	-31.86688455605363	-43.37884955992874	-54.910351410471904	-66.42667110851015	-77.93584956219344	-89.50435163505242	-101.04751528308326
76.0	0.0	-6.917705609835305	-18.716524047772854	-30.251396897225906	-41.787960760761536	-53.300526160916206	-64.80318914631992	-76.30749759118304	-87.8925297413532	-99.42941584376827
80.0	0.0	-5.236441962829949	-17.098798195942923	-28.623059170576894	-40.15908573845511	-51.66579190361142	-63.15524401239601	-74.69962938398452	-86.2657827707433	-97.80436623582591
84.0	0.0	-3.2188758248682006	-15.463774875053046	-26.96564950383619	-38.515321469773426	-50.023967792258766	-61.54115416664766	-73.05685577456464	-84.59371258682657	-96.15329260383581
88.0	0.0	-2.1972245773362196	-13.81288711975756	-25.345134704441826	-36.88952976628145	-48.39451378124553	-59.89161469586878	-71.41634026495475	-82.94793045515414	-94.50636451535513
92.0	0.0	0.0	-12.156272971977568	-23.650250044688953	-35.223545981535196	-46.70563072295374	-58.22033460560138	-69.76390566068599	-81.27745093353563	-92.83371362717098
96.0	0.0	0.0	-10.497035367873318	-22.019415991614302	-33.59268368559069	-45.06545360058382	-56.55701241581216	-68.10037978811745	-79.64188299171938	-91.19073528943169
100.0	0.0	0.0	-8.697846691109495	-20.225010310766237	-31.799143756777582	-43.2827330947123	-54.78089003997735	-66.30719559102472	-77.83960010153244	-89.3904954977543
104.0	0.0	0.0	-7.143617602704121	-18.651560676150048	-30.20360107944883	-41.697965346230795	-53.21109079120369	-64.72884458103056	-76.2673890586184	-87.82299079786907
108.0	0.0	0.0	-5.030437921392435	-16.559541807090127	-28.116503296049967	-39.619358222942424	-51.10085493840899	-62.65925077742398	-74.16501063060929	-85.71273357912169
112.0	0.0	0.0	-3.4339872044851463	-15.225649855425349	-26.764018870473997	-38.294892302744856	-49.77155826584477	-61.29432514484586	-72.82385204031351	-84.39569714503219
116.0	0.0	0.0	0.0	-12.316840017759265	-23.84125917644071	-35.37646458976865	-46.82451014200049	-58.383756057239225	-69.91396136210871	-81.49146597239134
120.0	0.0	0.0	0.0	-11.609434925350035	-23.13147869196479	-34.645223820918694	-46.16133420863369	-57.70864177646305	-69.22598745786676	-80.81753924329219
124.0	0.0	0.0	0.0	0.0	0.0	0.0	0.0	0.0	0.0	0.0
128.0	0.0	0.0	0.0	-7.400620577371135	-18.971239313119835	-30.455106650490052	-41.97396448411339	-53.54683669413468	-65.02842627879505	-76.70426959368372
