native	replica_exchange
-1.897621871409742	-1.715082526893033
-1.8322461770263931	-1.6730749153810205
-2.0638327973583084	-1.4360183143056824
-1.8229803922750374	-1.5970013876534885
-2.0793465763273957	-1.977432666196385
-1.8264218983346334	-1.910921815336716
-1.7957588014391872	-1.812599085308658
-1.9643937910419422	-1.920625210551467
-1.7764111223986911	-1.777696649044707
-1.7783518997692156	-1.8266833573621009
-1.5333998512421703	-1.5811383251160864
-1.8618619559821121	-1.8944361276315091
-1.6614997832390959	-1.7653303336573407
-1.7485776624695322	-1.4592861584799763
-1.6016296678161532	-1.6179385898039484
-1.7822990232179592	-2.0374339252559994
-1.7788310272236953	1.551107603162944
-1.4610012333544435	2.1269737212698496
-1.903557815320001	1.715933203977763
-1.8314642638408842	1.706356535027175
-1.7235157769540663	1.4450374716676957
-1.6745331767975602	1.5416081842831941
-1.8665489420640786	1.801029848992522
-2.1669378234448025	1.6541274003144995
-1.6456473358445947	1.358926993696109
-1.885528170620384	1.42202081687073
-1.6850715210299456	1.7399182187083113
-2.078949961726394	1.6342378736053185
-1.812789607059666	1.8161086267989643
-1.8450247853299675	2.019287255962291
-1.9815042783009145	1.7508519347566778
-1.7834760061459496	1.6927701662733554
-1.610514639421014	1.5394528822910023
-1.468865343488965	1.6348143532839916
-1.7776880082296334	1.809655594258545
-1.8805582915010162	2.027560685693551
-1.8868374012282787	2.105657543609451
-1.5901400765120903	1.6439110604276082
-1.5990755853529874	1.780072289084038
-1.5519692826875218	2.188338167217511
-1.7890071585938854	1.7932454316028599
-1.7163794898606723	1.976140207500381
-1.7736161639783594	-1.4887608851725047
-1.842603852047402	-1.9122262044401461
-1.7488551937100936	-2.0057161780611183
-1.5677063677077716	-1.5427791614777433
-1.2987921158770177	-1.7874699140115262
-1.7188036744835227	-1.6744299507275109
-1.924217152351703	-1.673016181624112
-1.6148046988635443	-1.7951544990999777
-1.3640395100488218	-1.7889064011266913
-1.790815314749009	-1.6990371035198444
-1.6304461042904232	-1.5691752219351567
-1.8224534445707714	-1.577370467154684
-1.8017924687472044	-1.940144781908522
-1.9502038370729193	-1.6785131149760293
-1.7718875183560263	-1.7514384968426668
-1.8640970053005712	-1.6161650830159617
-1.6515791704857596	-1.5738720765310137
-1.5314068706477413	-1.6475702932474978
-1.6725323450282916	-1.9755868991244772
-1.690485672973782	-1.8759618670885654
-1.7414451884390545	-1.9623403447827732
-1.8427415781972611	-1.3623879916390682
-1.8212824142145059	1.7152956906839258
-1.766382255928867	1.5442511759483346
-1.902136928952609	1.7727519487298462
-1.7207632794673222	1.7262098507985144
-1.9383661294865533	1.7166144936649281
-1.6529731811674944	1.6457902431938976
-1.7058861667115117	-1.7524402142593605
-2.090361883290307	-1.5930360587334713
-1.5247713869813504	1.486089197590864
-1.5966442407681363	2.0745907273617683
-1.6705958821217928	1.6654677485105782
-1.9004086743964455	1.7213387298290634
-1.7301326087979128	1.775835328886382
-1.7272490209761042	1.5613106527470555
-1.8161927063699033	1.8913859275237919
-1.8283974149846274	1.9537894121682782
-1.7613988304376547	1.9912330475327367
-2.062513322984548	2.019485748020652
-1.7462530578551987	1.6875717039082652
-1.7929361359351599	2.074167118145455
-1.8061073197496407	1.7761672138212603
-1.8063846061401387	1.7941405341684815
-2.15983475463831	1.5300802009929229
-1.5841313211819232	1.9928035799749426
-1.7921013627216942	1.681638246212274
-1.7238729599840192	1.9729302696336508
-1.5602665158838458	1.9357241876972924
-1.5173997832948443	1.5958968453286346
-1.9880808967082242	1.5784910435973176
-1.702268327039131	1.931840526618287
-1.58646541120262	-1.5988021091538243
-1.7104765892957179	-1.909267363829596
-1.614869266826042	-1.9414008234006488
-1.6611757987475009	-1.5237681993372478
-1.7866181277932776	-1.8325517017782322
-1.5788814715434558	-2.065924058069407
-1.8834393153815445	1.5457374618380528
-1.8731846584718663	1.8033605966605402
-1.2834897943625179	-1.5931412563856167
-1.6180126608273548	-2.134636100507303
-1.8251014816819722	-2.1765590534966606
-1.476170282453711	-1.8085782042139222
-1.950961363909487	-2.0369897746627017
-1.7248883786314853	-1.5703039882031689
-1.8709107431690595	-1.8206017315714165
-1.5145846878848692	-1.6479286072059647
-1.4051758839983428	1.457549418403235
-1.5696782429575922	1.8550582065927503
-1.5106670505719226	1.8040757153712828
-1.7150971793766503	1.5767905935850262
-1.7823380748729694	2.0195518571993185
-1.7999321133027952	1.5170862963722678
-1.8574114744200416	1.7082096787213756
-1.8846374411756093	1.8910546890183837
-1.7848801351183958	1.9418878198191853
-1.641182820050774	1.6166898212210186
-1.3973987670674082	1.9468056056431642
-1.7322954283313639	1.7090130435197313
-1.9332759556221761	1.9337933397289468
-1.9519326430065793	1.9057111668463937
-1.985425122731001	1.638003655348415
-2.02953681565959	1.9893014333293542
-1.41737408632813	1.7455242902761714
-1.6698034356719813	1.7655338537383707
-1.933087823831009	1.4953470933136916
-1.722854917154088	1.6144474163041997
-1.6903457839157596	1.5616555633322706
-2.2002325442805577	1.7769718970485449
-2.0980855477359075	1.5626126275268053
-1.9069714798441721	1.7872058273531921
-1.8223657469893264	1.721717714188528
-1.2799083421917412	1.9036231490937003
-1.6639636317559658	1.4284699184502097
-1.6367553499223535	1.4736933657886064
-1.5803488578448872	1.7114628506637424
-1.9058308281003797	1.685266819935789
-1.628622568603274	2.0037170606070367
-1.4808731419775498	1.8397594752816826
-2.0113670622777047	1.5185108010887574
-1.7824718359204288	2.041979493339086
-2.245896518893183	1.801082240399992
-1.723551435527854	1.756110889357293
-1.6600039067552634	1.8080397444630658
-1.876394472427862	2.068266465643585
-1.9059708992206805	1.65586873475695
-2.2226850022144102	1.7299625537522252
-1.3577321387722747	1.8709202354777312
-1.6501992307950473	1.6567694932454546
-1.4480926585546796	1.689562615752184
-1.8849204171747744	1.4321715436897513
-1.5150351349369306	1.7179095504791997
-1.694235235065102	1.5836751920487524
-1.8872345194827753	1.9607888691684838
-1.6278354634909389	1.2278148490484988
-1.5451967861414189	1.9943733389942118
-1.834713914645806	1.477620476038948
-1.787113461468356	1.6738296444396132
-1.7526536766114102	1.4892903513733309
-1.92279405683201	1.6783248649277387
-1.4976789343535173	1.9728782716934703
-1.9581856770981656	1.7940198549118767
-1.943339312383804	2.027515342320907
-1.6930321715292835	2.00119990499664
-1.7009605424918295	1.2223973143242473
-1.655726931688628	1.8942612538382413
-1.5509308052166393	1.8756505649202644
-1.884472579284247	1.696323472631271
-1.4685241373166389	1.4719537350492664
-1.4949317977295362	1.5873844886992754
-1.7956126149019886	2.150594184968996
-1.4414549049573857	-1.5823771885174782
-1.8817001775822635	-1.4732932109718566
-1.80801032275732	-1.8810316754020173
-1.8301818061509945	-1.845451802663419
-1.7809128109340293	1.447899595764245
-1.9932355363867995	1.9378088651495777
-1.5368456432266873	1.649753338324768
-1.9884534700191074	1.7501978744148687
-1.5542455928130958	1.4042443749820666
-1.706969004818661	1.7567175668534332
-1.9985668467201738	1.8039997952964928
-1.4385714571528863	1.6915369116256465
-1.7553137037035444	1.831868440038632
-2.0451928980908987	1.7784624755570846
-1.6013543042585412	1.9137820538696213
-1.4100820626991057	1.6120609000717312
-1.9259089211385194	2.110813025132647
-1.8444025340996528	1.625282333496461
-1.564061025725166	1.6460789889872338
-1.9079057311524463	1.9759029063178175
-1.7467644945943566	1.5911014852352527
-1.5348512317056617	1.6567902371219727
-1.7197841995831953	1.7956763646853033
-2.0880029411333947	1.8181504771081263
-1.5847281922878556	1.7139727759160661
-1.854180780828321	1.825994805061324
-1.3501036191972748	1.8011758241180875
-1.8942397178960588	1.418885657995501
-2.0215167951511637	-1.5428070764252868
-1.541546818569077	-1.9248375707984438
-1.8219054783307111	-1.832457149319401
-1.738389674863972	-1.4428134792098497
-1.900260843437001	-1.7563414812793634
-1.4819559391345103	-1.8166580532935908
-1.682434584221046	-1.749044599658715
-1.8423163927001034	-1.7900240593173362
-1.718875511873205	-1.8100811335549976
-1.8435157996994451	-1.8030594878317265
-2.08786973274227	1.2691315727345074
-1.5073582034377941	1.7377500428260144
-1.788187368582118	1.8649827380128352
-2.071495932917156	1.7687151037031525
-2.0782917125282574	1.4050085887957215
-1.932968967066874	1.7391100299219455
-1.902916347580586	1.7002327283671241
-1.6601092336433512	1.7129384952232514
-1.8315922064320236	1.870385527418637
-1.96128388496924	1.9134189000318838
-1.6868214684404994	1.654556351886718
-1.448475683300559	1.4001506340099612
-1.8311896429777335	1.8673074946063357
-1.951375275861494	2.043523414463156
-1.4581503157176219	-1.4995529641460716
-1.6058282885738977	-2.0943915211528603
-1.6473053006657268	-1.9186795161948784
-1.9603944032013751	-1.757301208906974
-1.5702961810018754	-1.7276154028512818
-1.8594984409778963	-1.6197519618351313
-1.6878795314141988	1.6038072321728107
-1.650860637285701	2.0239268242883663
-1.6513960316712888	1.8781689444967313
-1.6823703728032295	1.5276618163116478
-1.9558957783248812	2.0864821169472636
-1.4469628483476522	1.678791797007211
-1.756791831195235	1.7280379464598938
-1.816892442393629	1.9619775509486104
-1.6430505811600908	1.6220517585335943
-1.678419043289497	1.7783582762435992
-1.9935201455554297	1.567391294169102
-1.7756820599104495	1.6679962856680175
-1.554917238963682	1.548793592334629
-1.848086776551749	1.669993550039875
-1.8473101607659472	1.6691630747070876
-1.8832419208458482	1.6990498212782197
-1.6327237935187096	1.6752581254657373
-2.0203450598914174	1.6745775732056314
-2.133491413247543	1.478849060949583
-2.039432282525448	1.9523138978282097
-1.463950440399369	1.5367444963119883
-1.783852890109772	1.6213696416032242
-1.5142231304287102	2.0277575791006353
-1.6295230155182123	1.8087246498116885
-1.9243861976081278	2.016389772092413
-1.622599365932408	1.960271802405097
-1.5869414073292307	1.703199889589384
-1.6706234681842667	1.6181873180132502
-1.548607735463777	1.652264815713441
-1.8917488939350062	1.67536790881642
-1.6646861520555347	1.915312336692788
-1.8744441979374857	1.701031029894045
-1.9976033832801199	1.7498796144972517
-1.7121546439716733	1.5637371872496701
-1.577398083507577	1.5784963010410737
-1.8101983032051332	1.769414039669553
-2.0782468946249355	1.8579562199462025
-1.6347601635612388	1.5723104957901968
-1.8256012396423313	1.699128226631483
-1.766510238087368	1.6929594999634434
-1.9116881196440674	1.6804842037876877
-1.7376042038467294	1.738811531030932
-1.53673059064697	2.07987631224694
-1.7769182060338882	2.163382806870645
-1.831444707240892	1.7847890992657298
-1.5451672733634427	1.6700595158673341
-1.7740022355955853	1.7708683140740475
-1.6525528639987894	2.079106757482045
-1.5593218933829516	1.8694787679579257
-1.8823481671325886	1.4496585072242256
-1.612749343910665	1.889935948631397
-1.8606895599575393	1.6553929966693441
-1.5421485617562365	-1.5243295053030368
-1.7698110217483438	-1.9836706078314665
-1.600391919174212	1.6595106131774955
-1.3364641333445695	1.6240406948577504
-1.5597578127686311	1.5482812893301803
-1.797566345244489	2.003862733111825
-1.6691804057941229	-1.7423881539391533
-1.8058581795874435	-1.7709524308341562
-1.511207820496341	-1.6341253210538302
-1.708985764471889	-1.8968532916346177
-1.7853404939703954	-1.9130635414126762
-1.6743747812189633	-2.0515047113416296
-1.8521571084079729	-1.6845135685390717
-1.7400018067130707	-1.6889724373077784
-1.4620275343423013	1.5990299977540596
-1.9934816215704727	1.634431560731937
-1.911577283530571	-1.2710416669277567
-1.519390355320632	-1.6502495883760637
-1.915553699468841	-1.7207692547814926
-1.5982158346788042	-1.8544743511524477
-1.4845618377408676	1.4955084304184476
-1.5414150783145795	1.579032582690747
-1.9773889952906183	-1.566622348298703
-1.688652128332983	-1.4816742191541479
-1.9155978698652691	1.1447036732076696
-1.6665375401172908	2.1368710531899877
-1.6907020661680727	1.4352201621054992
-1.873619960776047	1.6603096679600897
-1.7803460380475609	1.668659782282615
-1.3716635604536584	1.9153875580796074
-1.5483126283827793	1.8289984480705785
-1.956277707840847	1.6344158784584937
-1.8760232096409235	-1.6218136607027005
-1.5133514382324091	-1.6454285217405884
-1.946233573893515	-1.6980537711658679
-1.8909200488995255	-1.8460299625537726
-1.7278345670380006	-2.0582625592370833
-1.8234513233227414	-1.3899092446429966
-1.6596967826340714	-1.3607451248545765
-1.7257207273675406	-1.3839304415954723
-1.8387404209771556	-1.7237510601835428
-1.7574496543590281	-1.4029479776328417
-2.021323228508955	-1.6693645789706062
-2.0050835979795263	-1.9523860713997487
-1.8758185187920322	-1.3936135338626945
-1.543943814431965	-1.5447070937236198
-1.5068875462623097	-1.8774688770132397
-2.0322901551828836	-1.7025811684876477
-1.570659919193496	-1.7209460074287786
-1.715975609270171	-1.3577231147757778
-1.903830438602874	-1.6818543838736744
-1.6981955228683334	-1.8128447795973124
-2.12759573369236	1.6252809567088444
-1.8946116590293192	1.7453159060367711
-1.5288200018212155	-1.5381309733454267
-1.8058688733962855	-2.055250691810819
-1.923819709830802	-1.702254038257338
-1.249422714636604	-1.614242656252054
-1.6967720735820357	1.6179211801046485
-1.5766434842058368	1.6407547137131555
-2.0939381424199817	1.7585779707003655
-1.6089790105852049	1.6269636042576177
-1.4024984556907816	1.754093422383203
-1.662801396776969	1.3435715561944743
-1.8295922153037123	1.7604508018040972
-1.7184959105906223	1.8948406368663824
-1.6714104550332087	-1.352432320493857
-1.693414580151003	-2.060020875261271
-2.0118692024372344	-1.6984489261430613
-1.739878461980404	-1.8694036896601054
-2.0469788712050043	1.5485813334053822
-1.7552454675148488	1.9163769990962665
-1.8928256411617348	2.1374548213705853
-1.795444301479984	1.6172499856262323
-2.1045720328867845	1.9538197365041292
-1.932860269092838	1.882165840155916
-1.992005518992539	1.8931055293291257
-1.6045482976687782	1.724720679098935
-1.9744902335990915	2.159465415480784
-1.8802161052474888	1.5609854427167322
-2.089376589600109	1.8243580230871754
-1.796202559915798	1.6195868138278309
-2.092973382147601	1.6529536138419143
-1.3938504290927045	1.5399560849259548
-1.4255187901440785	-1.4884927645362989
-1.9688684140776889	-1.7661120914631159
-1.761391740912799	-1.695917504053528
-1.559163843150161	-2.0304719370058515
-1.799576578212148	1.6098706144439368
-1.8191560639700857	1.8690999015202157
-1.837718165298324	-1.7838678908976142
-1.8371832666876768	-1.6120244832115762
-1.6442466378772016	-1.788047784008371
-1.746736027202868	-2.0343778963569115
-1.8137068707367925	-1.9630564953674894
-1.7865808569836255	-1.5571114991700337
-1.71545275219566	-1.8796706349266832
-1.439367158892066	-1.7886366604083672
-1.8062767201530177	-1.7903387997390432
-1.6519206299747884	-1.7093931534888365
-1.8836272575606483	-1.9354804898178242
-2.1414467366675245	-1.6181238813606091
-1.5649649094685578	-1.5043315383865563
-1.7123480030812532	-1.8794414159358668
-1.8313584621792376	-1.6747438701735802
-1.7131058799003365	-1.8303619425865019
-1.774786428995471	-1.7985101264560792
-1.6135922706083345	-1.5554966178313232
-1.9453378643980257	-1.9071038428167078
-1.963438229525511	-2.0089992519078526
-1.6580443980722994	-1.9288701791111114
-1.9867104443139652	-1.7297767295501871
-1.9592400270509511	-1.9823044308922178
-1.4956790997121925	-1.6949804379634112
-1.638016355789698	-1.8637484217736588
-1.8645797945259326	-1.7301914014862567
-1.8162174443317536	1.458797425874807
-1.646810144661441	1.2957703154546454
-1.774332668937138	-1.5802112754929254
-1.5462061450193576	-1.6842582196932836
-1.4982716789062047	1.5824996408881022
-1.4923658589844608	1.5786564105761671
-1.919919825153865	-1.7701106725590776
-1.532468780230676	-1.7866702136154098
-1.6044883653724042	-1.624143876019222
-1.6167027814370476	-1.951508164556574
-1.6450431504126233	-1.6778380413525926
-1.8179340611502368	-1.925858328633105
-1.9295769461658954	-1.9736708756030465
-1.600734673102525	-1.9428902776901582
-1.9145443048455504	-1.6649485940508162
-1.6466591665693482	-1.7259575527175428
-1.7955551149037936	-1.88250003805256
-1.6850538084145712	-1.701383355048729
-1.7207053269556194	-1.7298914777648449
-1.43289878489771	-1.767680422653337
-1.6592180620255115	-1.6514786629992932
-1.856668499264401	-1.8997074456079832
-1.9541892756574606	1.3164221175643913
-1.7749718854858605	1.8519317413665928
-1.7365400953523762	-1.6306448956503514
-1.7488888076062563	-1.4215782255097111
-1.7954524752415757	1.5375401979977903
-1.784491204638141	1.694109059320638
-1.6136249243755396	1.6459142095587167
-1.8680856478273822	1.775746415825581
-1.7654196877905322	1.9545471433205122
-1.957383805086443	1.6084300071852666
-2.031781841720855	1.5607711548075274
-1.4712841879560474	1.694236161397816
-1.6143803387968219	1.5528252868670671
-1.4599569247561617	1.9163108777537479
-1.7600296585828625	-1.4113247822267598
-1.9859302611923977	-1.5613372946846
-1.7671042983484813	-1.8201582390588058
-1.5627288661233725	-1.9071821144259549
-2.2643455931002445	-1.7297451602084577
-1.7442635842661705	-1.6616213444250156
-1.553419980167726	-2.066728540545579
-1.9543538520747163	-1.7809325702186947
-2.0471674397900195	-1.7639975234482597
-1.580366915172545	-1.7663227308693634
-1.8194056425171297	-1.7817012756466226
-1.6679459854974619	-1.2743041242507962
-1.586462630579604	-1.8902206493497709
-2.029792984861471	-1.6098490992623948
-1.9223977200548268	-1.940173536324112
-1.9180172879805006	-1.7577345269430835
-1.5915113639605907	-1.878449519302025
-1.768172212675394	-1.5730267945512975
-1.7454132438808911	-1.7358821885423228
-1.8099712255682772	-1.7534849664831955
-1.5960189215532719	-1.660272232889438
-1.8557599023515485	-1.5457872442421858
-1.6034096568445104	-1.5576988996998773
-1.9269253222743363	-1.8207696687001726
-1.4418248172433148	-1.2813025991538916
-1.812008424007907	-1.8728508002715778
-2.0317457484171584	-1.727004009676471
-1.7461781009655	-1.8352288468921598
-1.746628751089933	-1.656374710962083
-1.4576683059288105	-1.7948982042108987
-1.5803201543122398	-1.7444421997588988
-1.6040154664888941	-1.7240951238512885
-1.760325979456674	-1.6203184939254998
-1.6540501815783544	-1.6159426992766972
-1.6963277373644419	-1.6546889144515533
-1.4365956116240768	-1.7820047253419407
-1.7922081267885366	-1.5651028195061363
-1.5584242824653494	-1.9090107838045172
-2.0783068743353894	-1.8638919400428744
-1.9334064523956638	-1.4393674029384262
-1.6993027247106527	1.6357387586683125
-2.039970372428331	1.6084884947489368
-1.8109372355266595	1.4566320991410404
-1.4450804219834545	1.4311930265572634
-1.6582457190832245	1.587786728075288
-1.705546267356818	1.6961445912414
-1.5534232803410397	1.8337828606924058
-1.5784209281750732	1.7909213542941993
-1.7821145896388288	1.9511061125508282
-1.7259675979575597	1.870250941994227
-1.6927740373796893	1.6110335867917274
-1.5006798600791302	1.7357127219275077
-1.7933546706101111	1.9674474181606847
-1.4940258527114632	1.9157956264538687
-1.6593734472861772	-1.4652267168507769
-1.6126583256953804	-1.9876108684360791
-1.6437621718158684	-1.6699570041931187
-1.9359317752696157	-1.916626139059808
-1.4899350328026992	-1.7058684875011285
-1.8961295665848632	-1.8839378056749356
-2.0228259719355486	1.8559373470821208
-1.921473624919869	1.4612074167225524
-1.708741523549173	1.9084911096993264
-2.0384944843255055	1.709834709383321
-1.6639746182705355	1.7733329099458057
-1.6435120151279046	1.4448028113949694
-1.6850206722400483	1.6595026875930858
-1.5382841456820244	1.6318086299570347
-1.4793234480743487	1.6604953330788605
-1.8665541648903161	1.693985175986184
-1.64509006823951	1.9118242289776952
-1.563226990987863	1.7301165281055881
-1.8227979989405116	2.079258423717839
-2.2187616646676007	1.8520957818536625
-1.8591758048325944	1.711091415508252
-1.8247090007262785	1.6794788183846763
-2.0813369541465683	1.6979004726315057
-1.7546239624674154	1.3196892337585506
-1.6389495272087256	1.8471839990972407
-2.043421870487819	2.4033235383619433
-1.8391217385450407	1.7414286485223005
-1.692000116628634	1.7271438909466963
-1.680320645731514	1.663204224883826
-1.4259804128151499	1.851117260368754
-1.768473658657534	1.6850404330202318
-1.778273260035733	1.8662697715010077
-1.8206302478944154	2.211699785720416
-1.7820109092666576	2.0600182467804
-1.4063181472983595	-1.6621775535070098
-1.7025895778943223	-2.144171442935987
-1.6262253904589457	-1.8430336733565864
-1.7490672121885475	-1.5999142129366628
-2.2172022157211604	-2.1928846739189916
-1.65452809550684	-1.5900328974265643
-1.9939656579829876	-1.75021360085629
-1.9708343173281633	-1.6606393317230639
-1.5848498610048998	-1.6280139857124216
-1.9323445835074624	-1.468354503629042
-1.8430784622507632	-1.7994534587651203
-1.7030987658754384	-1.6290441582681776
-1.5012071721426197	-1.4987779645734238
-1.9125894038002695	-1.880554906564001
-1.843740379869286	-1.6246971800462664
-1.8719366654172982	-1.4489009618462734
-1.7088135083755236	-1.5059428547888354
-1.54136501625923	-1.6165166721753623
-1.7870342053607846	-1.4340913379530484
-1.9144620696399937	-1.8590600522359195
-1.9277793834877683	-1.7939565677455152
-2.17437152323403	-1.7676213572517745
-1.6746537577040257	-1.6618408513621754
-1.989269237602721	-1.9359828271923794
-1.7865785441328188	-1.8269744842440367
-1.8635279004178056	-1.888589375051616
-1.4986587054286926	-1.3134092195872216
-1.546223701676722	-1.6000415618256212
-1.8055131257512147	-1.6309163617107127
-1.9898356483597377	-2.085514627886357
-1.6795590024843927	-1.917225146733717
-1.67889772034089	-1.7593997168782016
-1.5873986443207073	-1.728988391088671
-2.045550599043397	-1.6626434438070476
-1.8695337775898067	-1.775636145671138
-1.683794235603625	-1.917385954515498
-1.5554840522263684	-1.4665816312539708
-1.6338126570564153	-2.226340565786262
-1.8095742327330826	-1.6188053922691188
-1.798259405893724	-1.9097443161773053
-1.8185368955321293	-1.788602782079726
-1.6326510425212555	-1.3869673853118822
-1.843167344676195	-2.099326615770913
-1.9154068105778381	-1.5868100674983947
-1.4941209295840099	-1.9118167989021932
-1.2956389495991105	-1.6535774741259717
-2.13439074881574	-1.5953283943642194
-1.7384382393836375	-1.691803781582045
-1.6354463392479153	-1.6377216544261497
-1.7381073251618773	-1.5606875362871606
-1.5778045954106545	1.5247438435914338
-1.6917503170852366	1.8627295988948844
-1.7104025853538938	1.7091677539133623
-1.8102692720195876	1.7370681942604884
-1.7918764746456932	1.6878616168567158
-1.9663617325221272	1.9195742029712308
-1.462814286674845	1.7043096102758168
-1.2958488077910038	1.791758379287402
-1.8496431342505288	1.5967978710728248
-1.6484602505485582	1.8210013241377618
-1.4827548721436357	1.8998413823590605
-1.6857355490245973	1.6953065168614418
-1.6826481220828027	-1.61558477161446
-1.757458713217186	-1.5591891672577602
-1.8969797532722579	-1.6452007271327798
-1.9294913222888042	-1.6583048607372588
-1.642211915738874	-1.9469794563184188
-1.689334428774671	-1.6555874275557758
-1.6307338998396752	1.0396234184629327
-1.3804653682551327	1.7539358197798762
-1.6025682477676175	2.034719351313449
-1.365700706965108	1.8267184450994947
-1.8222425182430113	1.845384099098077
-1.6109632187202345	1.7025786925452924
-1.907870234147327	1.7532904132219889
-2.0160483268978897	1.7406518218704325
-1.8092420109937644	-1.4218510368598913
-1.6766634782616723	-1.4528451885669198
-1.933992861407983	1.4050627066162402
-1.4876159337377957	1.470231629135974
-1.7207278525339837	1.589482259202925
-1.6933468091777637	1.7378098898530099
-1.7653728074057695	1.9830904010027532
-1.4658917055540086	1.2602376547424567
-1.7584930836741037	1.659855613990696
-1.8670149822584792	1.7362584431592345
-1.6344550451409334	1.7364043441046786
-1.3918570586474859	1.7040449546924767
-2.1540048019306384	1.905702568771819
-1.795820610006646	1.5825299490368758
-1.9691120382601202	1.5323092656510853
-2.195090718012004	1.6153084235488848
-1.6639892085627666	1.5767884936913539
-2.051416857616199	1.3576301340288963
-1.7807305244599325	-1.6676050187316387
-1.5736412156616237	-1.638685384628803
-1.8021357667696847	-2.015963046953409
-1.6374063331412703	-1.8788992735489178
-1.8857253513624193	-1.53057074420697
-1.7520309160147598	-1.4700148935806963
-2.1654466786272315	-1.7694177518966843
-1.4818006151991725	-2.0511267341597197
-1.8572433584171277	-1.4810097911573001
-1.9925011669452553	-1.9373981124096897
-1.7333674383616817	-1.6131111801875802
-1.4762173745882583	-1.8915048214470893
-1.8645863037982138	-1.769128294208531
-1.8415946693762724	-1.8171889226036688
-1.7511298335721515	-1.7718848063030337
-1.8008358781380949	-1.8874254841479288
-2.34211935625027	-1.8941780990545112
-1.9351096279896034	-1.3746444428814866
-1.7420178777110211	-1.9026286050779726
-1.7702442399618001	-1.7734544655139854
-1.8482779203013493	-1.5570278840521155
-1.6641931021539724	-1.73060061084941
-1.8711471027231028	-1.7574309717774823
-1.5274751798805386	-1.6722152531063341
-1.7085552158131834	-1.752340593422201
-1.926016521661988	-1.4204488952357732
-1.6518681189374638	-1.6003215419703078
-1.6541887349775168	-1.8759698918614234
-1.8228004109921596	-1.5384535314477952
-1.737182402392337	-1.9371993939896583
-1.8200484467137752	-1.6537671262020646
-2.1335907788772976	-2.1425803235901033
-1.876540233671033	-1.5241857641399852
-1.9418990465260635	-1.7105033336021622
-1.8715586081072397	-1.8537814714835
-1.843202255943969	-1.814944914600067
-1.9372289327703907	-2.1297578875622953
-1.8264659131812924	-2.171761846687916
-1.8888754263002472	-1.8116559937527714
-1.738893356877142	-1.6854080191385998
-1.981745241175492	-1.4733139052562363
-1.5815044941661518	-1.7021740873038695
-1.7685505101559225	-1.7167432159058427
-1.6357161167226826	-1.7867356995053238
-1.8083744675772675	-1.506346515495705
-2.104205345448067	-1.5720048203212014
-1.4792723475975345	-1.8707919894258134
-2.011972687058002	-1.9244171913018828
-1.7177704343507607	-1.8626322361713887
-1.8007445384491627	-1.8564092747205403
-1.5855929657678502	-1.9694989785811896
-1.6906688451804546	-1.725690037608121
-1.8378325900868915	-1.6792720560954537
-1.8554836340832257	-1.538273239460325
-1.8819128565195775	-1.9651429951585984
-1.8378726588255978	-1.7933727929112588
-1.7062037950938176	-1.8783869399094746
-1.8162568490381887	-1.2197125113272982
-1.916213717933776	-1.6080189488577985
-1.622260829703392	-1.7749050105529418
-1.8662158089556082	-1.6913925038266182
-1.9923797833099928	-1.6909605247749533
-1.5316312368882519	-1.720819353785114
-1.5170707148325637	-1.4717698817676386
-1.9112106673006215	-1.6585174265437042
-1.9589338471807942	-1.676559413662151
-1.6655672311665932	-1.1937100368283335
-1.854117283509045	-1.889153748835989
-1.6329567903554723	-1.9800637221278055
-1.6989652692292774	-1.2974947348714518
-1.5890974003232772	-1.794741342394583
-1.8790413520824014	-1.729667249587048
-1.9374023284690753	-1.3953007284924852
-1.988305920432654	-1.870089139607741
-1.700741588691366	-1.4740049782472595
-1.701745278180033	-1.4668395319862255
-2.009247847711355	-1.5776592363686213
-1.6711340002847503	-1.7056976748547972
-1.8691866723548638	-1.9204093246058573
-1.3557141600912774	-1.849067626229251
-1.580043047392402	-2.0269478595018993
-1.652063885989522	-1.8968417310339152
-1.5217960795399315	-1.9927312114726243
-1.6295708743210835	-1.8484443500165721
-1.611957174600927	-1.5973997725003637
-1.7240042053350109	-1.380621077431605
-1.8379866602528583	-1.6169053165403966
-1.611288117661619	-1.7966177693204433
-1.7000608837473081	-1.7722561295322268
-1.4900615732137392	-1.897487170025562
-1.861587543444405	-1.8295176577769257
-1.8385491865423855	-1.720568013860852
-1.7010090320917832	-1.7501144109840319
-1.5410422148934513	-1.6240202190694222
-1.593320033551065	-1.4561406235723835
-1.8324079642780935	-1.8196665637408558
-1.5863202964032488	-1.7104408628109846
-1.615259105078449	-1.8260715233342133
-1.7915316888281003	-1.8186027975865873
-1.8302347343455512	-1.9551866705233414
-1.7457426134822855	-1.8237237953071967
-1.5415143245340364	-2.060978276229498
-1.5814634554237963	-1.6591733059721212
-1.7712321191001978	-1.9343984072515608
-1.6871180544342999	-1.7196659518724935
-1.9078956684983246	-1.4466532455522862
-1.760514755275094	-1.7774864308738867
-1.5704742313908193	-1.9524611210347618
-1.6210353110571463	-1.7432159657921253
-1.8146778210621304	-1.6124524667506104
-1.7939011237123932	-1.4271665945741363
-1.86155461233467	-2.2988424487349395
-1.7745849596768044	-1.724856434517281
-1.537145884726869	-1.4878977436484722
-1.2932182388154585	-1.934127189438434
-1.9890399609260043	-2.325548082829084
-1.517174611058575	-1.7293577358596766
-2.00988720703113	-2.0480515222422753
-1.8421200391797172	-1.5483249191369473
-1.5005428660186992	-1.6842564516866625
-1.5155593304401571	-2.053950825331311
-1.8867492046642744	-1.830398499747144
-1.9884448176027893	-1.7370481220017668
-1.5779686365298187	-1.872029502393071
-1.9180266559557329	1.7088406863029617
-1.5389842865644092	1.4817533940291296
-1.671470768056591	1.7253869965840218
-1.6566025211733513	1.52024427535709
-1.5689202142795238	-1.68504954482998
-1.8926571817471995	-1.6510070564886499
-1.9638796834204717	-1.5668670515743466
-1.720181672352234	-1.6584204950429244
-1.5613251832508561	-1.7936684181915998
-1.8644444252361283	-1.9638130569596144
-1.6821458375844516	-1.7554508821358588
-1.6806332000636999	-1.4680589401699182
-1.8100559058858745	-1.734262470189248
-1.8994721982518583	-1.9996967710542557
-1.6896007440388396	-1.7277982301240822
-1.8403982696082901	-1.7352187462307498
-1.5998581171327118	-2.0478887785698086
-1.7903986832416134	-1.8853752255324143
-1.814768624360435	-1.7651691280330897
-1.687611459694769	-1.75431003232755
-1.557661463201092	-1.9037356514819246
-1.44846354330478	-1.6943291364028097
-1.732508309446069	-1.5041791034258183
-1.9211268977486873	-1.8289758119644075
-1.592026476092234	-1.8810118643138352
-1.4427586373352685	-1.9706401907536446
-1.9164870456821408	-1.8460905408426627
-1.8387217602279529	-1.7103765286008705
-1.5283121560975437	1.4912336696052784
-1.7538324821503157	1.6932420699882207
-1.8144163693838704	1.424534074429468
-2.065811360382244	1.7460168461787244
-1.9525218711661187	1.7684375385606748
-1.6044356303676006	1.9498193792093887
-1.7316052482010869	1.8377874083427002
-2.0544488763264415	2.3082043616870367
-1.7353480014220923	1.8856413295689811
-1.7272770288306627	1.4740165299835268
-2.067238977543503	1.5116672706767762
-1.9043030777247316	1.7763968083755115
-2.140642969592507	1.6674989951530883
-1.5116414244042675	1.893814431558388
-1.7471110520129944	2.086397305152835
-1.678150273003518	1.564647945536931
-1.8303199577190403	1.7436974665523655
-2.028150178218681	1.7749635299175182
-1.7059383009406794	-1.3863614410933087
-1.5855797749097746	-1.6749751626971896
-1.4932185428749163	-1.7836126309933844
-1.6834659305338753	-1.9410219419342645
-1.5744289152416882	-1.4689366201763012
-1.54131745468819	-1.5543047972301118
-1.7438581075758286	-1.833853832324405
-1.9825244399496642	-1.698216886274131
-1.3936073974174314	-1.652028972485947
-1.9116379458394999	-1.4516430218970866
-1.6800811626127392	-1.7763560531878138
-1.70889248271422	-1.7866499153330617
-1.6912935953368236	-1.8827415882490346
-1.7810675016207038	-1.8569560852748124
-1.755557861701524	-1.3082346978246173
-1.9828344410393324	-2.180439497693495
-1.9810860816094344	-1.4657392564277214
-2.008853413318987	-1.704655847914425
-1.4181462772076419	-2.1563655296947637
-1.8318895266355852	-1.8476190243742932
-1.8042429116313108	-2.0513383991777787
-1.5777270617860837	-1.7755414948661692
-1.575823827628328	-1.807699969367129
-1.757973529832437	-1.4804129162707726
-1.636721514944953	-1.9319053573594247
-1.6695425535748674	-1.4702052936864909
-1.5269473041873411	1.335261985456206
-1.6371313797676068	1.4410193772962485
-2.0270869986516016	-1.5895038757764004
-1.6289479911206464	-1.883885571826028
-1.8590364564762694	-1.9260068987110626
-1.6067373427889655	-1.4988905061219489
-1.2717799004629091	-2.034150761349061
-1.7681530602160902	-1.6903498417767029
-1.5084224127084371	1.6318237619386715
-1.529800762420734	1.953436451937708
-1.4708836491803088	1.9618778019837024
-1.7393556427012078	2.1130603816633093
-1.8010737979503646	1.6669131639370098
-2.0514758710928174	1.8423209844306823
-1.3215331955617688	1.839048192109427
-0.9899886096991095	2.054953387949564
-1.688173877172815	1.8978900982068947
-1.5718953647787188	1.5726481792982838
-1.804558466871702	2.069685828975851
-1.713964578694903	1.9527662521199798
-1.283373022865677	1.8744175264425522
-1.7984258604527195	1.7577575841142064
-1.8332044723459073	-1.4619745154551973
-1.5364781607857094	-1.8614404985325461
-1.6787462081826008	1.6300435950389331
-1.850860526750141	1.8775461775122668
-1.773908733859539	1.4868428300269072
-1.759602987913699	2.136459868571261
-1.6813193233192196	1.9251817539691753
-1.4253620470865185	2.2675699144875123
-1.7140771273128563	1.7188818088480033
-1.9848010283139965	1.6457883108797706
-1.8151770682939201	-1.882887446887513
-1.9295712114039851	-1.483019007728076
-1.956809009349963	-1.8888691954877732
-1.6660638121685745	-1.768666975478748
-2.0268173558279603	1.9136046806828864
-1.7543487356056096	1.5150305778139128
-1.852365067488931	-1.569668261086902
-2.200246532743552	-1.7257513418135162
-1.950548743537611	-2.0961531158802917
-1.8131414988656707	-1.4515129484093512
-1.6929454168377422	1.9059166535577519
-1.5375153837019118	1.6287983479787622
-1.8353300391769545	1.5858162875930462
-1.842972482255879	1.4540185592783748
-1.8002376202200308	1.6335877837571722
-1.529368398215519	2.1717190928675825
-1.7330601246832358	1.544600254259844
-1.9585411577860719	1.4892065650787705
-1.4863755746866043	1.3294104785589531
-1.979730987943337	1.6999069609709259
-1.738666331963072	1.4760815340906663
-1.63023113614205	1.8236518103784247
-1.8668465637488953	1.87469056943942
-1.7729444475367122	1.38200909274816
-1.7253178060993948	1.7121046221791008
-1.8231102933162566	1.4066702616322546
-1.6355435401263814	1.855103346719871
-2.180804139770781	1.832035720900691
-1.6992159053562965	1.477476732817861
-1.6460924828784622	1.89901133982944
-1.4563941886863114	1.657237815873709
-2.064394180482852	1.593884345597244
-1.6872846533457524	1.7270971768659868
-1.9516909098218198	1.556125119628023
-1.5448042893500582	1.709543170626694
-1.9231460298661003	1.9949516214923164
-1.5212226466120073	1.579736678884677
-1.5355818037077569	1.651403329923522
-1.9163438710202148	1.962625931203004
-1.518911639339994	1.6636837134360425
-1.6028217119702037	1.9525975383239766
-1.6725928019504797	1.8033906198366942
-1.551953030562823	1.491301916187323
-1.5819903905381674	1.461080862301859
-1.4717971262141893	1.9839109025021469
-1.654687938028061	1.533810212630999
-1.9267034364765723	1.919970658031417
-1.9239818794195602	1.7214152900031099
-1.8861930269532414	1.6082106051158283
-1.7170966985464342	1.6862436913293546
-1.7890439207426756	2.0015110230259503
-1.7302135032336252	1.62051977534094
-1.8753779582968226	1.8665526372965555
-1.8873023400904463	1.9783091220171725
-2.130040055602969	1.7853270783225135
-1.4540959319931535	1.832016544508997
-1.6587264760245326	1.7820487916568708
-2.0185808265360454	2.066927582147599
-1.6006415908040825	2.008093826461807
-1.5323879348923497	1.6853942793823837
-1.941914522448907	-1.4222238828082814
-1.8506780110983578	-1.7513359827418542
-1.5722397532816588	-1.334281822458845
-1.287387956299818	-1.7220420437883774
-1.6550571773912173	-1.8917430944677385
-1.7233803411218145	-1.937246107703315
-1.5729531357009323	1.720101916371163
-1.6624251874585783	1.9115465964374763
-1.7749749178057719	1.9208385163594663
-1.6751180178176575	1.7116064626494782
-1.9401068934820827	1.614068793645201
-1.5114242218868028	2.0149140217490373
-1.4719414228738688	-1.725234557810815
-1.8984425745460622	-1.8524608392173054
-1.8696023132064443	-1.817809061888642
-1.9095526823567393	-1.4900937844883053
-1.651832706194429	-1.734046117508075
-1.9248258704839998	-1.5531028409404979
-1.9137201576723555	-1.8723725225199646
-1.8612122780999283	-1.3195813519196102
-1.8493001872265182	-1.7966421605451437
-1.5609082505245366	-1.805849575580678
-1.2782069093479997	-1.6091386161387713
-1.6781882715356755	-1.8804662751446184
-1.4113124431392572	-1.7786194552245858
-2.2850942032387396	-1.7745745716253314
-1.545979364325664	-1.6078193808204984
-1.614247697036207	-1.8458194366384315
-1.9213237010593505	1.4216664528289242
-1.8373021671065457	1.430027417311259
-1.4612102779287104	1.815235245968595
-1.898348847049438	1.5309213683824603
-1.4440634903546705	1.5792084128321409
-1.7876731983265284	1.7499766421664635
-1.6948828016614497	1.8312332215592118
-1.3977275892003072	1.8429660430767942
-1.8980255357846634	1.5463537411497774
-1.6702338870049223	1.7978510212710572
-1.5823750374405292	1.6320520400091296
-1.9174727632949393	1.545541809303179
-1.6077348220329402	2.0787185446688365
-1.404520784944268	1.8199547834868643
-1.6321448390418474	1.6720528698268668
-1.7805467803315778	1.9044755497214658
-1.527996331400829	1.4607901653105055
-1.6591524179034705	1.8885962574591086
-1.89707357604985	1.4669184084578486
-1.53769840493211	1.7048652970493898
-1.7503272730710089	1.8227912292888966
-1.7138276619880135	1.4379033997184407
-1.9192791558950424	1.6953707509553455
-1.6525487494771023	1.4857890560104543
-1.336638046595351	1.8148639969648448
-1.7079703084452909	1.6820799362062373
-1.178471966800685	1.7004262401371524
-1.570296669691777	1.8344692809248908
-1.6440265253847883	1.9363395107331716
-1.5227593299197884	1.6364409681960892
-1.8202815822607676	1.4916434544915163
-1.7980932953628976	1.8174614629437544
-1.8783999342666582	1.7774862692938878
-1.4915591000443138	1.6897235762223584
-1.7284793974160546	-1.4239173369624019
-1.5436726604379223	-2.015762426193043
-1.7968692959791892	1.741500834777714
-2.059705613094735	1.414479641448159
-1.9647749451282688	1.806434385623341
-1.9296910318548197	2.046420903140386
-1.7675085496376604	1.6855983246387047
-1.7963246362863379	1.6983131654723702
-1.6834584831096975	1.8495508056512788
-1.6350313375013557	2.047447675405882
-1.6357019719480357	1.8453941037120645
-1.7304043770334172	1.7451036867102347
-1.5414932801797072	-1.7539394743796983
-1.9377969949439766	-1.778088636471336
-1.9480795808667408	1.7780020139280655
-1.9461608068514844	1.3272436480997132
-1.5191657597800734	1.6347619399298308
-1.7341428706196234	1.8847032553133747
-1.8331405282766435	1.839381530630213
-2.0781202131001035	1.7714904106603278
-1.3839389120973624	2.3011485562155594
-1.8642915661761224	1.779958954799035
-1.6216460926718992	2.1508830973055555
-1.643857281835061	1.6488288374970765
-1.9048533293313012	1.6960586481882873
-1.8057286859947732	1.6918103028431033
-1.772282511764689	-1.5151322407156567
-1.5332237328544256	-1.4759993878685718
-1.8676559944340356	-1.7119154322337176
-1.9658198548166523	-2.020786810016321
-1.5993787972193343	1.554081816446512
-1.742301160837513	1.8230491387776824
-1.6425952084137132	2.034317501257605
-1.8197764779250083	1.5863451427915982
-1.6811695672539584	-1.500436640595493
-1.6784445466666713	-1.710320702006328
-1.616799050358859	-1.7770287899032464
-1.672734717247121	-1.868880046169478
-1.6739145855092927	-1.965989913963644
-1.7183354801573705	-1.7817039723248203
-1.894675493903648	-1.7031275744566927
-1.6595459855444816	-1.5720314155841764
-1.6771341184281856	-1.6523076432154362
-1.531807291772022	-1.5492356503020117
-2.051699663119094	-1.820451270562859
-1.6504085040661087	-2.0030228872301046
-1.9087829390980953	-1.5860766376504665
-1.4586147643315979	-1.3164684759630902
-1.768306134130604	-1.601816987464857
-1.6085340973545195	-1.5710858801909042
-2.0195422394748705	-1.6724044041518114
-1.6079628554767085	-1.7048014612992055
-1.6982564508085876	-1.9158646297282178
-1.684528996395278	-1.8738690037156447
-1.7667573139415307	-1.771313797690576
-1.3784615636625779	-1.633673983738018
-1.8844184400094006	-1.7036054831877823
-1.9635251439120402	-1.784152919873874
-1.5703049239680102	-1.5801551058264285
-1.7326774033740164	-2.000746163330448
-1.3665045285517299	-1.6314841995118092
-1.7471826005449875	-1.7639353870733538
-1.9351213479224068	-1.7349946634113371
-1.8748256103577765	-1.4386614312522166
-1.780757845091094	1.3344174367903503
-1.635461558549284	1.8338760262727087
-1.496860977506327	1.6729114266682883
-1.5195919173487715	1.8019293260043105
-1.636123855395763	1.6976447501401823
-1.5300543167786937	1.951602795021166
-2.1757970069908033	1.7944678709602466
-1.7551107080425938	1.4016268055440306
-1.6809856297491999	-1.7323222857028848
-1.4413985161372875	-1.8549105645413728
-1.5099109767831898	1.423259941389273
-1.8265472310106972	1.6197266382394107
-1.681388026716397	1.6821134497919754
-1.8155373737483025	1.6331824246933209
-1.705849038998047	2.0039108559463417
-1.8641513823889635	1.5056278106770518
-1.702280849663067	1.8976518421313155
-1.7178735129385658	1.6547725920871743
-1.5875696110645994	-1.2937907750658582
-1.9106633922719025	-1.4333610087236677
-1.8202776047604663	-1.4306421714364648
-1.8208443856334295	-1.6407216297819511
-1.8158752998523071	-1.5048917933738881
-1.6035440383107205	-1.7475888892960767
-1.7771578660520435	-1.5931321890029118
-1.4931449975546207	-1.9783447585726432
-1.830715964565277	-1.7753849619051516
-1.665105892545341	-1.665204856119828
-1.815111012970124	-2.1060347109474784
-1.6107453512463448	-1.7848358074160777
-1.8911266017557642	1.3870394029473168
-1.5182263855489009	1.518153032203604
-1.6591155658172856	1.705278426555827
-1.9817885613071624	2.009830135486773
-1.7905349352682958	-1.7095889132675055
-1.8618143011943875	-1.638351680280993
-1.5247680152306315	-1.8994379816804563
-1.472064044817496	-1.6044880065987595
-1.5244107979168853	-1.5855092545009581
-1.7662826912748957	-1.4984095545307745
-1.5229148755376634	-1.7627083543657895
-2.1232610638842138	-1.436042678522843
-1.6930424017482089	-1.8017092277375828
-1.8098675759741323	-1.7600563215231912
-1.9192243940281122	-1.8171589085335917
-1.7647691115683282	-1.7991836185437857
-1.8709565782057116	-1.9475651880000509
-1.700612337427195	-1.7383633310628872
-1.5074555687002829	-1.8247892546676134
-1.9452436468801395	-1.8052675463741235
-2.1430193803513684	-2.002386535963553
-1.944602460851623	-1.5448426496060828
-1.7172071940526752	-1.5455105344504858
-1.7169148349918535	-2.02798806084581
-1.903850626231837	-1.8971497634474932
-2.1571093987727954	-1.6195024791443149
-1.6976815247287187	-1.8151159090072726
-1.913393812576895	-1.7733882402316365
-2.0041293404259415	-1.5397270667845682
-1.7492979558819188	-1.5651262752712696
-1.8280788697411092	-2.001186232463847
-1.5860085047678183	-1.5463716358012647
-1.6670698579403584	-1.7854585872951148
-2.117497897773198	-1.6994074379330577
-1.8678732283544315	-1.787583513323884
-1.6952441313288233	-1.6047972363217733
-1.821575576914736	-1.5865703599557468
-1.5879226548372836	-1.5973101453233953
-1.7852968242779377	-2.157228744808238
-1.4398135028219805	-1.6625624521610525
-1.4527924123512108	-1.6871110969709546
-1.6283098662769842	-1.6011908630111384
-1.740373513554026	-1.3951925866363752
-1.7459015029930214	-1.8212734448161136
-1.8266922041756253	-1.9815230717271117
-1.617762809699339	-1.6720900907784584
-1.53984365222382	-1.705711706538879
-1.883033321161062	-1.7684326953325828
-1.6354871056190217	-1.7084808541055427
-1.7629308446256036	-1.7990479555099024
-1.811804100128443	-2.0714232281817027
-1.5490931190839798	-1.7991157227794181
-1.7970698256060134	-1.8596084942069977
-1.74697799469451	-1.788432639245613
-1.6921971595871148	-1.835364035263293
-1.7846336811735104	-1.761328521074085
-1.4886526183705877	-1.868391283096421
-1.6142119286081344	-1.8331878740910423
-1.8082543004757792	-1.6869428449740105
-1.4522560081100049	-2.0208077500797423
-1.5410171360065799	-1.8446735985123275
-1.9556042090839747	-1.8671594102914213
-2.2147229403864364	-1.721908224566669
-1.6642925562351085	-2.292424753986281
-1.9122334262090321	-1.6611012264394034
-1.5159411975949815	-1.5714221519990983
-2.0089753342657373	-1.8047477434673653
-1.8447064476369495	-1.7667566224106994
-1.9359183280869117	-1.3862576207727753
-2.0252793987916182	-1.888126736537354
-1.7474162610370139	-1.800794870556199
-1.755760839657884	-2.112701883199913
-1.7125203991110516	-1.820351216380903
-1.9988506536503994	-1.6495846359062751
-1.5872338026699584	-2.0013106877231532
-1.8471995691117487	-1.668184268608509
-1.6530892149460257	-2.089912950171
-1.830091168328388	-2.048679726384315
-1.7655464558951843	-1.6037148674917845
-2.064849658480349	-1.9151508547378948
-1.6336092262797297	-1.4148954028246918
-1.720843582781735	-1.7015435488298642
-1.513392481500562	-1.7013178339521766
-2.4167832547910044	-1.9234243025762394
-1.7776785235231132	-1.810091500687387
-1.8802421625631	-1.7409226558944146
-1.771214433972756	-1.7673012618209865
-1.643416868786506	-1.6591055778571646
-2.073988227060108	-2.0686310321259347
-1.8682724823692616	-1.6585014185284546
-2.1905419877199077	-1.8868668178435937
-1.4294263047781053	-1.625836377609994
-1.491255483539143	-1.607720801357665
-1.5197295599346499	-1.5387110623242086
-1.7689000923087643	-1.4154636314850613
-1.5969494874809458	-1.8320245291314101
-1.8046457111651848	-1.9226570937458294
-2.1789796318543115	-1.8675640595158955
-1.9055946394689722	-1.5909433662711885
-1.7511848719234466	-1.8182432889130355
-1.975634501421292	-1.7109236540992887
-1.8521425633238129	-1.4394369156189117
-1.7620803724558916	-1.7950390018828108
-1.8564762371201777	-1.7115331574026444
-1.8387832220658527	-1.8655743792307158
-1.5623670359653528	-1.8079678684518399
-1.7844060748310147	-1.5510672160989123
-1.6649315310243107	-1.8993717270465702
-1.918561250605541	-1.576470336666071
-1.6242395484056753	-1.7291084167933513
-1.2903659760535349	-1.6325643676180288
-1.6474780057358058	-1.604304755013738
-1.9829762452747894	-1.7229742732739264
-1.522717958946367	-1.7948270765561127
-1.6457809767957705	-1.7069855951781523
-1.6877777704910069	-1.6419690905708344
-1.9464595302964995	1.8011747768285162
-1.9061162441685282	1.6739331380394087
-1.7266546338477582	1.9976155135670324
-1.7098862676209103	1.5784118311707134
-1.5208380365286684	1.7445406898794726
-1.7463793423813798	1.8953127374356866
-1.7350861551670398	1.7863474520387626
-1.861899862373649	1.5909363092549542
-1.5901235039214976	1.9650889699594767
-1.9041917574933727	1.4672967592525066
-1.804622790758083	-1.430686573826522
-1.8589032016306868	-1.790579341024972
-1.7357510914437335	1.4795277004455252
-1.421442088137866	1.2513447389425598
-1.5840117330803802	-1.4540961864669137
-1.7552774869416237	-1.8707648534321852
-1.7030780130174175	-1.4305498906293392
-1.7914822114070412	-1.6504226046467514
-1.8363121986412052	-1.7400107689516122
-1.5971904368592522	-1.662667781017341
-1.671346422862827	-1.7328370553035704
-1.7848282813267764	-1.8166976314756391
-1.4760631919943563	-1.7535482986111885
-1.6524027384299596	-1.737900532972266
-1.602942448277703	1.569837120775495
-2.0891432963482774	1.6432902311847648
-1.6713428317195544	-1.5943737383428986
-1.970823928123596	-1.7389705409715355
-1.7676600706830947	-1.8029445000030306
-1.5267804203570186	-1.702795628908414
-1.4651009582609256	1.3014334375408332
-1.8975081842774075	2.176526602799948
-1.7700881596406435	-1.4049101073252095
-1.6774139194586761	-1.5045756237538688
-1.6657202087738217	-1.5772969563939883
-1.955535905764901	-1.8936128386707103
-1.7879187346486034	-1.903365207391959
-1.9345555624851198	-1.8818201874325262
-1.709862617072655	-1.7098601281952335
-1.9393270382932868	-1.8248837376769829
-1.7907081453497091	-1.5244956232768585
-1.621616001267614	-1.7072629441413978
-1.7357850609274006	-1.83590982388472
-1.7595277128552345	-1.8740394495457546
-1.790969802147394	-1.587153314013422
-1.3063246001146736	-1.8370814346169564
-1.6444965470024842	-1.584524440189046
-1.7232981473254612	-1.7156683948046987
-1.5988648300616997	-1.7612854593553922
-1.5351924978727376	-1.6735077479425189
-1.4594004087244112	-1.7373170958493545
-1.9640816021562184	-1.8483975009280273
-1.7349671000540416	-1.612117922348502
-1.9470379387520886	-1.8636674115497063
-1.1345118587248282	-1.7140282410143097
-1.9046299865574179	-2.0348260415216552
-2.101460189909894	-1.546958825154777
-2.1999957081432324	-1.667730223850141
-1.5118879824051326	-1.3298779222322705
-1.6431080155419806	-1.8715903109141596
-2.1811606925516864	-2.036554181354539
-1.8749673885854792	-1.7153353858219762
-1.4328616705843804	-1.5719928915963444
-1.7063622495004995	-1.9049366061553834
-1.6681248502090367	-1.5949706602367846
-1.7513299292129803	-1.848064376580597
-1.8010114999342386	-1.980215721304877
-1.8987875694896519	-1.8780074447547541
-1.4838483326119358	-1.5053828472871496
-1.5645288924342298	-1.857834091694191
-1.357227407651181	-1.4918905212413613
-1.4767676790009856	-1.8609032251787467
-1.6942097666977063	-2.119227332477477
-2.0462163859063747	-1.7708195036794145
-1.9904776051022055	-1.9429309455347508
-1.8532989114634308	-1.744060565033725
-1.8378692012478495	-1.7414354695572758
-1.5780248824771226	-1.8721068177086853
-1.6940203142144492	-1.6268331958842257
-1.8996003094406135	-1.8895391878643477
-1.7473696600377626	-1.817798039873967
-1.5450624622484819	-1.5151176418646184
-1.8909214835691666	-1.6349003316146424
-1.8002852515210368	-1.5973926558761264
-1.8022491882727345	-2.1158479285020526
-1.4803309988391358	-1.5924527726396183
-1.639952531239447	-1.8282182515580137
-1.9637732422464615	-1.6691436190321167
-1.9003910115951008	-1.5908402635875278
-1.9855054477109377	-1.5543470342519243
-1.7168596075108133	-1.8096009105263782
-1.6907961246574787	-1.9547664155409534
-1.7011163136744425	-1.5470016497209351
-1.895685665280518	-2.0796176942126725
-1.719031759616996	-2.013737190105144
-1.8590088992425247	-1.7779996019611857
-1.8583363978717087	1.4638747565166923
-1.9454674745128755	1.6654494365953936
-1.6263820055893499	1.7170769593856114
-2.009368263856251	1.7384420243077945
-1.7626562486832578	1.7839803966457044
-1.7026658864340953	1.6357187579224124
-1.6032151060199162	1.590850269304862
-1.9597794466829306	1.6933643189916612
-1.669669828975852	1.9207819997333657
-1.310980096763162	1.75657329487536
-1.6999737238360955	-1.6038594039275076
-1.703578237615857	-1.8300723381038946
-1.3695468968700426	-1.7572403905402585
-1.9809068830335625	-1.714912745034015
-1.7662463766037166	-1.728506466206138
-1.4963383998717912	-2.0963780038104893
-1.645562482525301	-1.609004654068959
-1.7178126638103435	-1.3563478141866772
-1.6933899602658744	-1.607336157726513
-1.732536932485556	-1.7201264750266714
-2.060578162958442	-1.7658845466730837
-1.8178719265743652	-1.4626651553918004
-1.8368635001074078	-1.8501126561449097
-1.7874697517634128	-1.4723809860445365
-1.5191032662545059	-1.6229642289807815
-1.6243120350047038	-1.868496726352487
-1.6879519653363153	1.748745248936297
-1.706820429049775	1.7840120119512919
-1.8773752304415612	1.4114156448604103
-1.9248732552177683	1.8065104670184458
-1.8151346114046139	1.8938930496206245
-1.7898104815967568	1.5223727390297155
-1.6021701413113933	1.8302375197618213
-1.5629647005183278	1.720930910314534
-1.8594854080830752	1.5784899445080702
-1.7448009545874352	1.75492914556974
-1.985762582304841	1.8819899657989396
-1.8338242016649768	1.58226741352125
-1.6244490038417099	1.7093357276634304
-1.5708583782185905	1.5619640165567297
-1.8682063781689098	1.6741818265197714
-2.0055166658088117	1.760974364250731
-1.809137112980846	1.9305397004290157
-1.9147492240131976	1.670918653358368
-1.810952455915402	1.931675091970561
-1.964229379470999	1.6316543001653434
-1.9434165135438821	1.873760782557102
-1.4941665326299338	1.896005061168887
-1.8490134167205077	1.5052034213895997
-1.9220824245475407	2.021882898993307
-1.7454576160019675	1.9063350373372303
-1.7730189075052796	1.6285847103036575
-2.0390411706716853	1.557673555598483
-1.4420836130097143	1.5124649227522342
-2.1525159233683353	2.029184199527062
-1.7705035925795731	1.909432808952419
-1.7621689149609487	1.3910356461897018
-1.6978597051696178	1.7503768603009469
-1.6873327848326822	1.5918585271369483
-1.7460807517749377	1.9409911496674888
-1.7018560053544896	1.7313398490623015
-1.8584411200256818	2.0264734212631073
-1.9167277612326075	1.6270896052310992
-1.785509266482464	1.5503537365423474
-1.7687666791685175	1.8582671472564052
-1.953530164212644	1.855201852631244
-1.3665368244781573	2.098426844447414
-1.7223773560879276	1.6285145509089856
-1.6824968248437908	2.060605392358511
-1.563195960848212	1.6480458362521395
-1.7148715456039734	1.829731073943663
-1.8713040671445529	1.4905341199087034
-2.04738670320721	1.9814532190045613
-1.5387167681186937	1.810364214876427
-1.7404864278613987	1.823759086299653
-1.541785118539441	1.588256907603089
-1.6677936978962011	1.7181007527679186
-1.869597117460259	1.7953192949052261
-1.7731670813711808	1.7980819040403357
-1.839057939296978	1.9305039570038798
-1.7814173790809646	1.8875669415070648
-1.7959999446063628	1.5847195553519027
-1.3940580674075547	1.5712870568266357
-1.8509621801827965	1.8820858973385701
-1.735285875232747	1.8069857410846395
-1.728190585433994	1.6333530622944379
-1.8644417520972587	2.0047180045394963
-1.7711650462021387	1.5233108136681472
-1.6280265826726747	1.4965026963437469
-1.6073382943458578	1.8149926299004835
-1.47686815837361	1.7065277927188374
-1.7898734941356014	2.0177808026657553
-1.8304040083632644	1.9930324184717476
-1.7510951175227965	1.985902027733645
-1.8675126948034693	1.7580575184532494
-1.8164294850254712	1.654588768456191
-1.5955975826774118	1.9762760259833576
-1.930802200287589	1.8086448849635606
-1.7547875026468691	1.813988542525999
-1.5873691836900456	1.874077790812431
-1.5138382394535368	1.848726579853296
-1.587244038248031	1.4543448843894733
-1.5850616520791985	1.553357765058762
-1.6513341817451936	1.7844296538947053
-1.9048504619433337	1.4334475989772686
-1.5963394663038433	1.7978544661764164
-1.740474859535735	1.965589138204298
-1.5364259115893706	1.5928074052637382
-1.708986817735639	1.763949989078432
-2.0983937948123983	1.6900089112661805
-1.5555866943592822	1.7350527749155569
-1.4353377729736572	1.7029439620704268
-1.495038723034055	1.792820940639308
-1.9792813999676862	1.9154770026537902
-1.6186610714216243	1.674671557790218
-1.578063751333767	1.7214962129817157
-1.371924745197133	1.6317667546036636
-1.7069127700897935	1.530336099761739
-2.1203552805624093	1.8611058721525036
-1.787816547527825	1.5129378839310124
-1.5008259348847985	1.814883824716566
-1.7430384164139394	1.6642929820393786
-1.4804984707854925	1.6785250569140482
-1.7140156050942832	1.8138548616616648
-1.7189655577928273	1.642533446946338
-1.5992481956687044	1.4342118321687245
-1.4790626775017621	1.556275664987923
-1.5260405939197788	1.7090301439115998
-1.7825992762801153	1.8085289349610203
-1.4906029466266977	1.7421180846577227
-1.907210820968051	1.656664454725441
-1.5756524773029779	1.9994586984227214
-1.659451176264937	1.5740896632507373
-1.8059805604922072	1.532215034989102
-1.9250770694351889	1.6362237789505192
-1.7608463738911269	1.9266100208408918
-1.5858858120442896	1.9344457884845583
-1.6167085409056237	1.5264092774957743
-1.6066848966688623	1.5178301624491277
-1.7842814153413982	1.887429230587612
-1.9382061422760815	2.1525356473778903
-1.6286031523598787	1.8367819482901844
-1.7308533582697	1.8862812270073113
-1.4974471627732338	1.6008674870250712
-1.7051010861011304	1.3345457266024197
-1.7277697314001887	1.6555988716536838
-1.5447931615270671	1.718517249439023
-1.7166665487347164	1.4273461691454798
-1.6692802578320105	1.5075379422482562
-1.8545700470501978	1.731216031042059
-1.8805848216050451	1.491657895874759
-1.7661791999359842	1.9031309270506915
-1.6157500616317104	1.7952554729706651
-1.8078319448143094	1.8852245402248253
-1.43820990575423	1.966571072939527
-1.6483906723371333	1.609135733052489
-1.8783538162351603	-1.6952336452783967
-1.4384609254985228	-1.6129628004234644
-1.7023307533473395	-1.7227710680474138
-1.7217931597863616	-1.9587084864900302
-1.6732150934378693	-1.7883630724436352
-1.699266193447494	-1.42890159569134
-2.059233312925475	-1.925412787659149
-1.6098849424923778	-1.4998688978915395
-1.8728852253156925	1.633475560087171
-1.6142060234077658	1.6259340746093764
-1.548711507764356	1.8021467808943126
-1.8216374174750491	1.4292177200324294
-1.8915430055931228	1.7985224389868566
-1.7567892364868134	1.7003726907719
-1.4683538312629678	1.9887325222740304
-2.0376424104076283	1.6250322114112534
-1.6133542652321022	2.0479698395194794
-1.4439617164943008	2.036560207284329
-1.737150831378473	1.7575957524119685
-1.4878013361970734	1.6661295947421904
-1.4453878229087596	-1.4816653778599367
-1.4515595092651958	-2.058821116812235
-2.0008114543430393	-1.7819113922491379
-1.9022886749985441	-1.9691522639522485
-1.850063392649575	-1.6119211533360316
-1.9213387242687427	-1.4662400503174469
-1.738705279855776	-1.9400853590839122
-1.540149935244587	-1.7637773253052038
-1.506727387731169	-1.7228078213791482
-1.7284217991818358	-1.5299097944330762
-1.7974108969735663	-1.412547599335431
-1.5408998163423182	-1.4024445450239291
-1.676682315905842	-1.6899757760852643
-2.170482865075212	-1.60043898200642
-1.902657256168229	-1.7886167854152122
-1.9491319177268556	-1.5313480663925778
-1.7023148937005388	-1.8839593971780966
-1.693242358984191	-1.6202483840188517
-1.8627390431633575	-1.8985227593754412
-1.714409659291056	-1.6299146676818772
-1.6213785929944922	-1.7497386365673784
-1.6654659005023595	-2.0403766354604738
-1.4176392475447348	-1.9583790951338291
-1.5517056833934875	-1.6193244451319546
-1.6405428117299647	1.4475438486706547
-1.8057854625261698	1.544781352620072
-1.994154517729848	1.5826138634974554
-1.9820477138130965	1.558946245567783
-1.9556062534819056	1.5818963961450965
-1.4210254741625383	1.7091708381260449
-1.5400129591818474	1.4759983002288872
-1.936012762743685	1.5858549454969315
-1.6929880452968498	1.560887254007789
-1.6390187855995615	1.8071954429800743
-1.7332279011293226	1.668102557860981
-1.5481681016840751	1.8838416200364247
-1.6959620181080173	1.847337724885615
-1.7463928640343915	1.9490233098593026
-1.9969823708722916	2.209797509488902
-2.0888478000718584	1.6714825339947905
-1.7472727122168508	1.5860336372883637
-1.6584990242430162	1.756410554772836
-1.5717196127522035	-1.5414272214847546
-1.9509313517768039	-1.4901077735257435
-1.48685805323858	-1.70598866428097
-1.9248235243638332	-1.5941139211470283
-1.610964704065721	-1.6143584154932007
-1.6289300489071405	-1.6364190517945782
-1.5013188423602333	-1.700977723198115
-1.6430522737084208	-1.6709179096724043
