E	parallel tempering	Wang-Landau	REWL	exact
-800.0	-274.53741725983105	-273.9226875305176	-273.592960357666	-273.6923423330648
-792.0	-268.5429318747457	-267.87640953063965	-267.62384033203125	-267.70087778595683
-788.0	-267.72896973583727	-267.1951484680176	-266.95406341552734	-267.0077306053969
-784.0	-263.1940022732599	-262.515417098999	-262.2742977142334	-262.380309810474
-780.0	-261.87445155891226	-261.132869720459	-260.88429069519043	-261.00137744579513
-776.0	-258.30195215570245	-257.4833469390869	-257.35386848449707	-257.4153984814982
-772.0	-256.5674151562256	-255.7379150390625	-255.58868408203125	-255.66600873148676
-768.0	-253.48696575380745	-252.72878646850586	-252.6360855102539	-252.66875259438476
-764.0	-251.48536523122948	-250.79334259033203	-250.65142059326172	-250.70514524977682
-760.0	-248.87295954304	-248.16226959228516	-248.02574729919434	-248.06937492526436
-756.0	-246.83667889004516	-246.10476684570312	-245.96284866333008	-245.99390278367997
-752.0	-244.50920197692074	-243.70136260986328	-243.5349884033203	-243.58236223068377
-748.0	-242.26513539211862	-241.5800838470459	-241.4268627166748	-241.46297740184156
-744.0	-240.12561161010387	-239.29626083374023	-239.184814453125	-239.19161833899383
-740.0	-237.95260284482526	-237.1819725036621	-237.0362491607666	-237.06933129852564
-736.0	-235.7477072184157	-235.00215530395508	-234.87738609313965	-234.8885215700073
-732.0	-233.51473005924754	-232.88531494140625	-232.78334617614746	-232.78482495694738
-728.0	-231.53418164915672	-230.76663780212402	-230.65483474731445	-230.66632070807867
-724.0	-229.40126151538834	-228.67238426208496	-228.6127700805664	-228.59045827411214
-720.0	-227.43728387965996	-226.6114330291748	-226.547025680542	-226.51840963398922
-716.0	-225.2958241132502	-224.52914810180664	-224.51022338867188	-224.4729535601121
-712.0	-223.27102616186073	-222.50923347473145	-222.47710418701172	-222.43825068578178
-708.0	-221.30622544064363	-220.4748134613037	-220.44476509094238	-220.4226178358986
-704.0	-219.32374886289426	-218.4789924621582	-218.45163536071777	-218.4196607909791
-700.0	-217.3550244283308	-216.49252891540527	-216.45837020874023	-216.43202074490264
-696.0	-215.38657329380123	-214.50747108459473	-214.47611618041992	-214.45701520995934
-692.0	-213.34353103094088	-212.5528964996338	-212.52127265930176	-212.49520114041792
-688.0	-211.50424962310512	-210.61999702453613	-210.57184410095215	-210.54531074335614
-684.0	-209.58330172591275	-208.67409133911133	-208.6119441986084	-208.60719951370254
-680.0	-207.6850397574524	-206.76066398620605	-206.69743728637695	-206.68013761756376
-676.0	-205.7866793390857	-204.83124923706055	-204.7867774963379	-204.76377963411107
-672.0	-203.59159852445703	-202.92884063720703	-202.87179374694824	-202.8576116195245
-668.0	-201.8141315737721	-201.0322322845459	-200.98773384094238	-200.96125570157076
-664.0	-199.983398190353	-199.15857887268066	-199.07257080078125	-199.07429766165296
-660.0	-198.1283299404763	-197.26611137390137	-197.18956565856934	-197.19637786311029
-656.0	-196.19211468972037	-195.3938503265381	-195.3165340423584	-195.32713889511768
-652.0	-194.45588055569874	-193.54774475097656	-193.46169471740723	-193.4662509163217
-648.0	-192.52325554454467	-191.68927383422852	-191.5995273590088	-191.6133957241446
-644.0	-190.76070884864043	-189.827486038208	-189.77299690246582	-189.76827290275025
-640.0	-188.86027097824945	-187.9987087249756	-187.94363403320312	-187.93059458529814
-636.0	-186.95868802106565	-186.16914749145508	-186.1020107269287	-186.1000862859804
-632.0	-185.27991386667065	-184.35770416259766	-184.26759147644043	-184.27648474143652
-628.0	-183.4092268849961	-182.52837562561035	-182.4499912261963	-182.45953738521428
-624.0	-181.5905378757783	-180.70252799987793	-180.6435317993164	-180.64900109153325
-620.0	-179.58926830659493	-178.8899040222168	-178.82852935791016	-178.84464136805028
-616.0	-177.6878046193492	-177.09993171691895	-177.02118492126465	-177.046231406819
-612.0	-176.16689281773438	-175.31139373779297	-175.21173667907715	-175.25355129003157
-608.0	-174.52338519338252	-173.50994300842285	-173.4227466583252	-173.46638721829186
-604.0	-172.99438294073786	-171.71280479431152	-171.62774467468262	-171.684530847004
-600.0	-170.78201343383364	-169.941743850708	-169.85904693603516	-169.90777871970928
-596.0	-169.00043999776824	-168.1517105102539	-168.06891441345215	-168.13593184167848
-592.0	-167.31943531764512	-166.3847942352295	-166.2922878265381	-166.36879541811285
-588.0	-165.53792297228472	-164.61091232299805	-164.52734565734863	-164.60617879516872
-584.0	-163.73475613913104	-162.85458374023438	-162.7657299041748	-162.8478956375941
-580.0	-162.02169757494596	-161.09659957885742	-161.00936317443848	-161.09376437702366
-576.0	-160.00357192236572	-159.34058380126953	-159.2622184753418	-159.34360895836144
-572.0	-158.5598745781175	-157.59448623657227	-157.50988960266113	-157.59725990278662
-568.0	-156.7476907241944	-155.8554515838623	-155.75378608703613	-155.85455569226002
-564.0	-155.36345026979416	-154.09791564941406	-154.02059173583984	-154.11534446321963
-560.0	-153.25856420159357	-152.36078643798828	-152.29220390319824	-152.37948597662916
-556.0	-151.59683412561174	-150.62744140625	-150.56194877624512	-150.6468538091143
-552.0	-149.71960693554308	-148.91308403015137	-148.82556343078613	-148.91733768724922
-548.0	-148.06233316314388	-147.1801929473877	-147.1028537750244	-147.19084586639607
-544.0	-146.28349123430223	-145.46357345581055	-145.37979888916016	-145.46730743929643
-540.0	-144.46171426055093	-143.73316955566406	-143.64043426513672	-143.74667445027205
-536.0	-142.79925936252312	-142.01918411254883	-141.92627334594727	-142.02892369038514
-532.0	-141.01582929128722	-140.30207443237305	-140.20827674865723	-140.31405805839762
-528.0	-139.6705777777114	-138.57775497436523	-138.49497604370117	-138.60210739190595
-524.0	-137.8274915507311	-136.86523818969727	-136.799955368042	-136.8931287014055
-520.0	-136.2273745495619	-135.14754104614258	-135.10869598388672	-135.18720577485158
-516.0	-134.4904367339717	-133.4387378692627	-133.40449333190918	-133.4844481582213
-512.0	-132.58349173151908	-131.73319244384766	-131.70019340515137	-131.78498955488072
-508.0	-130.96948504996203	-130.031099319458	-130.00013732910156	-130.08898571958196
-504.0	-129.2830844147228	-128.34196662902832	-128.31480026245117	-128.3966119486418
-500.0	-127.5273449803251	-126.64942741394043	-126.63420295715332	-126.7080602843269
-496.0	-126.00753973379494	-124.9512939453125	-124.96964836120605	-125.02353655795238
-492.0	-124.09540044873211	-123.28932189941406	-123.28389739990234	-123.34325739317447
-488.0	-122.85054435300697	-121.62128067016602	-121.62585830688477	-121.66744727988342
-484.0	-120.82248137883562	-119.94730567932129	-119.96116638183594	-119.99633581209801
-480.0	-119.32562428303106	-118.28728485107422	-118.30011558532715	-118.33015516270251
-476.0	-117.68091914664569	-116.64338111877441	-116.62506484985352	-116.6691378460527
-472.0	-115.81205129462592	-114.99200630187988	-114.96222877502441	-115.01351479836248
-468.0	-114.17296981677896	-113.33347702026367	-113.3219108581543	-113.36351378683764
-464.0	-112.77318671019702	-111.69239234924316	-111.68547630310059	-111.71935814267414
-460.0	-111.01203061653337	-110.05371856689453	-110.0461654663086	-110.08126580071294
-456.0	-109.40127148184047	-108.4289436340332	-108.4209098815918	-108.44944861975915
-452.0	-107.89137524479361	-106.80058097839355	-106.79374504089355	-106.82411195204705
-448.0	-106.15114853105229	-105.18292427062988	-105.17720603942871	-105.20545442759831
-444.0	-104.6183989601767	-103.57320022583008	-103.5620288848877	-103.59366791873063
-440.0	-102.8884272755331	-101.9864559173584	-101.96590423583984	-101.98893765116506
-436.0	-101.25517769734199	-100.3933334350586	-100.3650894165039	-100.39144243054028
-432.0	-99.81217180836961	-98.82071113586426	-98.76098251342773	-98.80135495622619
-428.0	-98.16468176304136	-97.24349975585938	-97.17956352233887	-97.21884219778067
-424.0	-96.6343881504373	-95.67539596557617	-95.61544036865234	-95.64406581294088
-420.0	-94.98547656936012	-94.10421752929688	-94.04827499389648	-94.07718258948827
-416.0	-93.4314815218828	-92.55259132385254	-92.49812698364258	-92.51834489654868
-412.0	-91.97447507887603	-91.00551986694336	-90.94830131530762	-90.96770113380506
-408.0	-90.36880946420115	-89.4585952758789	-89.4091968536377	-89.42539616967923
-404.0	-88.97246212413688	-87.91248321533203	-87.85893821716309	-87.89157176176786
-400.0	-87.31076283912705	-86.38647270202637	-86.33391761779785	-86.36636695471185
-396.0	-85.77200021033752	-84.8731918334961	-84.8167552947998	-84.84991845225753
-392.0	-84.2878305655571	-83.35269546508789	-83.32050132751465	-83.34236096156539
-388.0	-82.80576902446398	-81.8598804473877	-81.81621551513672	-81.84382750886729
-384.0	-81.28882357299881	-80.37085342407227	-80.32320022583008	-80.35444972640039
-380.0	-79.88074919777921	-78.89386940002441	-78.84893608093262	-78.87435811118618
-376.0	-78.32823206838657	-77.41889381408691	-77.38430213928223	-77.40368225670386
-372.0	-76.83211115997267	-75.9490852355957	-75.92244720458984	-75.94255105885495
-368.0	-75.46348306967866	-74.496826171875	-74.47168350219727	-74.49109289785346
-364.0	-74.17253585459332	-73.05769348144531	-73.02894973754883	-73.04943579782221
-360.0	-72.65429941894104	-71.61544799804688	-71.60406494140625	-71.61770756594888
-356.0	-71.26448512551804	-70.18733024597168	-70.19451522827148	-70.1960359130693
-352.0	-69.7696614820511	-68.7599868774414	-68.78191184997559	-68.78454855751326
-348.0	-68.33493203739602	-67.36037826538086	-67.37127494812012	-67.38337331398131
-344.0	-66.82403464852666	-65.96379852294922	-66.00309181213379	-65.99263816912602
-340.0	-65.55679533891612	-64.59588432312012	-64.62700843811035	-64.6124713454009
-336.0	-64.15803884832974	-63.222530364990234	-63.263607025146484	-63.24300135461468
-332.0	-62.83701804490818	-61.85488700866699	-61.9144344329834	-61.884357042498976
-328.0	-61.479584555064775	-60.50512504577637	-60.56319808959961	-60.5366676254645
-324.0	-60.10714987779522	-59.160762786865234	-59.23514747619629	-59.20006272058984
-320.0	-58.84986443865	-57.84451866149902	-57.91239547729492	-57.87467236975965
-316.0	-57.508975624279856	-56.52972412109375	-56.5968017578125	-56.56062705874825
-312.0	-56.20728364881154	-55.22168159484863	-55.29079818725586	-55.258057731931785
-308.0	-54.98378834030677	-53.93005561828613	-53.99941444396973	-53.96709580320794
-304.0	-53.70948520843274	-52.64835548400879	-52.70799255371094	-52.687873163606156
-300.0	-52.295086939370776	-51.38100051879883	-51.43254470825195	-51.42052218598772
-296.0	-51.05848320266773	-50.12658500671387	-50.1745719909668	-50.165175727156736
-292.0	-49.77130066261225	-48.87603569030762	-48.9338436126709	-48.92196712763777
-288.0	-48.61469742094471	-47.64291000366211	-47.6980094909668	-47.69103020931638
-284.0	-47.37461932487224	-46.411176681518555	-46.48640441894531	-46.472499271088935
-280.0	-46.07805628697736	-45.20387840270996	-45.27781295776367	-45.26650908262417
-276.0	-45.01094562294509	-44.02101707458496	-44.089975357055664	-44.07319487630275
-272.0	-43.77043240644764	-42.84343719482422	-42.91633415222168	-42.89269233737025
-268.0	-42.629917487753005	-41.67815399169922	-41.7460880279541	-41.72513759231225
-264.0	-41.450030446070286	-40.53720283508301	-40.59966278076172	-40.57066719543968
-260.0	-40.359124821240925	-39.40012550354004	-39.45665740966797	-39.429418113654464
-256.0	-39.210415789526905	-38.27388954162598	-38.329233169555664	-38.30152770935021
-252.0	-37.92748581404237	-37.15545654296875	-37.21790313720703	-37.18713372139206
-248.0	-36.93939044896081	-36.06412696838379	-36.11430549621582	-36.086374244108754
-244.0	-35.857764370742984	-34.97244071960449	-35.030935287475586	-34.99938770422247
-240.0	-34.793516448377886	-33.90297889709473	-33.95875358581543	-33.926312835636196
-236.0	-33.80626252016896	-32.85154342651367	-32.90450477600098	-32.86728865199177
-232.0	-32.69565566173878	-31.81277084350586	-31.856962203979492	-31.82245441690918
-228.0	-31.74986858665909	-30.78398895263672	-30.821422576904297	-30.79194961181298
-224.0	-30.638047760557015	-29.773258209228516	-29.814043045043945	-29.77591390125059
-220.0	-29.67424800726883	-28.778085708618164	-28.807273864746094	-28.774487095603945
-216.0	-28.71551491870764	-27.784440994262695	-27.8187255859375	-27.787809111096493
-212.0	-27.68617781069895	-26.815916061401367	-26.846113204956055	-26.81601992699558
-208.0	-26.81133593701111	-25.85464096069336	-25.881486892700195	-25.85925953991125
-204.0	-25.731722338830537	-24.91794776916504	-24.935409545898438	-24.917667915093233
-200.0	-24.977677663121085	-23.99292755126953	-24.003408432006836	-23.991384934628968
-196.0	-23.88213358577866	-23.08941650390625	-23.098119735717773	-23.080550342448447
-192.0	-23.00712745241242	-22.19118309020996	-22.19759178161621	-22.185303686044108
-188.0	-22.162044200454943	-21.30933952331543	-21.315567016601562	-21.30578425481798
-184.0	-21.381989741671305	-20.44000244140625	-20.443893432617188	-20.442131014973853
-180.0	-20.485779068994816	-19.593015670776367	-19.602935791015625	-19.594482540877067
-176.0	-19.693714353143605	-18.760190963745117	-18.765090942382812	-18.762976942812088
-172.0	-18.887460296759286	-17.943876266479492	-17.954181671142578	-17.94775179107603
-168.0	-17.975779716944658	-17.14885902404785	-17.153156280517578	-17.148944036355147
-164.0	-17.281665017705677	-16.362747192382812	-16.36937141418457	-16.36668992634293
-160.0	-16.53790380092937	-15.592916488647461	-15.607057571411133	-15.601124918568132
-156.0	-15.752543273421907	-14.842683792114258	-14.863235473632812	-14.852383589417798
-152.0	-15.048995003432196	-14.109039306640625	-14.130992889404297	-14.120599539351247
-148.0	-14.303824272701036	-13.401769638061523	-13.40717887878418	-13.405905294320178
-144.0	-13.54972990723661	-12.70042610168457	-12.70206069946289	-12.708432203426412
-140.0	-12.991324857521931	-12.017921447753906	-12.02083969116211	-12.028310332867818
-136.0	-12.318228248081937	-11.351482391357422	-11.361000061035156	-11.365668356245465
-132.0	-11.595884632542948	-10.70634651184082	-10.718961715698242	-10.720633441324082
-128.0	-11.042233677468971	-10.069934844970703	-10.088871002197266	-10.093331133365666
-124.0	-10.410742007248018	-9.458745956420898	-9.48414421081543	-9.483885235177524
-120.0	-9.79635375979592	-8.874500274658203	-8.892189025878906	-8.892417684044858
-116.0	-9.222883584956321	-8.304059982299805	-8.308486938476562	-8.319048425743517
-112.0	-8.675829566545417	-7.744623184204102	-7.750438690185547	-7.763895285859405
-108.0	-8.080943600775754	-7.203327178955078	-7.211936950683594	-7.2270738386674225
-104.0	-7.6578854945134935	-6.680696487426758	-6.693016052246094	-6.7086972738559325
-100.0	-7.18554183139031	-6.185474395751953	-6.187686920166016	-6.208876261409671
-96.0	-6.670965027603529	-5.705265045166016	-5.703054428100586	-5.7277188149968765
-92.0	-6.198611912543015	-5.247406005859375	-5.249362945556641	-5.265330154235755
-88.0	-5.716000530175052	-4.8014068603515625	-4.803493499755859	-4.82181256624375
-84.0	-5.302993442092429	-4.376298904418945	-4.377567291259766	-4.397265266903389
-80.0	-4.873895641352988	-3.972566604614258	-3.975078582763672	-3.9917842623040656
-76.0	-4.44281414455611	-3.586881637573242	-3.592416763305664	-3.605462210845644
-72.0	-4.141344453515785	-3.2259559631347656	-3.2252254486083984	-3.2383882865120768
-68.0	-3.721971823529998	-2.8823623657226562	-2.8821563720703125	-2.89064804384509
-64.0	-3.4771733772050766	-2.55462646484375	-2.5531558990478516	-2.5623232851634725
-60.0	-3.1826144874487454	-2.2413291931152344	-2.24090576171875	-2.2534919305902577
-56.0	-2.86227130602299	-1.9488677978515625	-1.9514141082763672	-1.9642278914585063
-52.0	-2.525193858120133	-1.6808032989501953	-1.6829547882080078	-1.6946009476725408
-48.0	-2.2394731179177825	-1.4356441497802734	-1.4326438903808594	-1.4446766296043165
-44.0	-2.1407212245957226	-1.2077007293701172	-1.2033023834228516	-1.2145161050999036
-40.0	-1.9598385973357608	-0.9970436096191406	-0.9914226531982422	-1.0041760721634887
-36.0	-1.568723231717513	-0.8072586059570312	-0.806427001953125	-0.8137086578722119
-32.0	-1.6461641730263636	-0.6371078491210938	-0.6371669769287109	-0.6431613240563934
-28.0	-1.1728299751606528	-0.48546409606933594	-0.4884624481201172	-0.49257678025594487
-24.0	-1.1862082583816118	-0.35162353515625	-0.3600177764892578	-0.36199290443312293
-20.0	-0.9617291210325902	-0.24454689025878906	-0.251129150390625	-0.25144267188767344
-16.0	-0.8860155429944143	-0.15306663513183594	-0.16123199462890625	-0.1609540927817079
-12.0	-0.8607789462399751	-0.08964157104492188	-0.08877754211425781	-0.09055015863555127
-8.0	-0.8734830259242017	-0.03668212890625	-0.04379081726074219	-0.040248798109871586
-4.0	-0.5636061651740647	-0.009389877319335938	-0.016649246215820312	-0.010062842335798905
0.0	-0.8304665840033749	0.0	0.0	0.0
4.0	0.0	-0.0065898895263671875	-0.009693145751953125	-0.010062842335798905
8.0	NaN	-0.035282135009765625	-0.03940391540527344	-0.040248798109871586
12.0	-0.945295588451927	-0.087066650390625	-0.09607505798339844	-0.09055015863555127
