E	Sunny	MCX bridge	MCX native	exact
-800.0	-274.61567878723145	-273.9226875305176	-273.74684715270996	-273.6923423330648
-792.0	-267.66975021362305	-267.87640953063965	-267.76691818237305	-267.70087778595683
-788.0	-266.9756050109863	-267.1951484680176	-267.0645275115967	-267.0077306053969
-784.0	-262.32112312316895	-262.515417098999	-262.4303455352783	-262.380309810474
-780.0	-260.93890953063965	-261.132869720459	-261.04263496398926	-261.00137744579513
-776.0	-257.3209819793701	-257.4833469390869	-257.46138763427734	-257.4153984814982
-772.0	-255.55351448059082	-255.7379150390625	-255.70906829833984	-255.66600873148676
-768.0	-252.58185577392578	-252.72878646850586	-252.69521713256836	-252.66875259438476
-764.0	-250.59746551513672	-250.79334259033203	-250.77101135253906	-250.70514524977682
-760.0	-247.98127937316895	-248.16226959228516	-248.13214492797852	-248.06937492526436
-756.0	-245.91510772705078	-246.10476684570312	-246.07428550720215	-245.99390278367997
-752.0	-243.51086807250977	-243.70136260986328	-243.64718437194824	-243.58236223068377
-748.0	-241.42547607421875	-241.5800838470459	-241.52773094177246	-241.46297740184156
-744.0	-239.11882400512695	-239.29626083374023	-239.24824142456055	-239.19161833899383
-740.0	-237.03052711486816	-237.1819725036621	-237.13104629516602	-237.06933129852564
-736.0	-234.8289089202881	-235.00215530395508	-234.95882606506348	-234.8885215700073
-732.0	-232.73315048217773	-232.88531494140625	-232.88570594787598	-232.78482495694738
-728.0	-230.6124782562256	-230.76663780212402	-230.74776649475098	-230.66632070807867
-724.0	-228.5360336303711	-228.67238426208496	-228.658447265625	-228.59045827411214
-720.0	-226.4648036956787	-226.6114330291748	-226.5880126953125	-226.51840963398922
-716.0	-224.42364501953125	-224.52914810180664	-224.54134559631348	-224.4729535601121
-712.0	-222.37306594848633	-222.50923347473145	-222.5248565673828	-222.43825068578178
-708.0	-220.3565444946289	-220.4748134613037	-220.5010280609131	-220.4226178358986
-704.0	-218.34000968933105	-218.4789924621582	-218.50389099121094	-218.4196607909791
-700.0	-216.35938262939453	-216.49252891540527	-216.50914001464844	-216.43202074490264
-696.0	-214.40486335754395	-214.50747108459473	-214.5452175140381	-214.45701520995934
-692.0	-212.4349822998047	-212.5528964996338	-212.58102416992188	-212.49520114041792
-688.0	-210.50911903381348	-210.61999702453613	-210.62159729003906	-210.54531074335614
-684.0	-208.56377410888672	-208.67409133911133	-208.67754936218262	-208.60719951370254
-680.0	-206.65370559692383	-206.76066398620605	-206.74073600769043	-206.68013761756376
-676.0	-204.73622512817383	-204.83124923706055	-204.83342170715332	-204.76377963411107
-672.0	-202.8183708190918	-202.92884063720703	-202.92509269714355	-202.8576116195245
-668.0	-200.91919136047363	-201.0322322845459	-201.02846145629883	-200.96125570157076
-664.0	-199.0369758605957	-199.15857887268066	-199.13872909545898	-199.07429766165296
-660.0	-197.1506404876709	-197.26611137390137	-197.26673889160156	-197.19637786311029
-656.0	-195.29871559143066	-195.3938503265381	-195.41741943359375	-195.32713889511768
-652.0	-193.4523811340332	-193.54774475097656	-193.5582733154297	-193.4662509163217
-648.0	-191.58182907104492	-191.68927383422852	-191.73414421081543	-191.6133957241446
-644.0	-189.74738311767578	-189.827486038208	-189.87742805480957	-189.76827290275025
-640.0	-187.901762008667	-187.9987087249756	-188.0452823638916	-187.93059458529814
-636.0	-186.08473205566406	-186.16914749145508	-186.21295738220215	-186.1000862859804
-632.0	-184.2382583618164	-184.35770416259766	-184.3929901123047	-184.27648474143652
-628.0	-182.445219039917	-182.52837562561035	-182.57196235656738	-182.45953738521428
-624.0	-180.63624572753906	-180.70252799987793	-180.7582492828369	-180.64900109153325
-620.0	-178.83033180236816	-178.8899040222168	-178.94520568847656	-178.84464136805028
-616.0	-177.01864624023438	-177.09993171691895	-177.1438159942627	-177.046231406819
-612.0	-175.22790145874023	-175.31139373779297	-175.34615516662598	-175.25355129003157
-608.0	-173.43327522277832	-173.50994300842285	-173.56816864013672	-173.46638721829186
-604.0	-171.6536045074463	-171.71280479431152	-171.80261039733887	-171.684530847004
-600.0	-169.87122535705566	-169.941743850708	-170.01426696777344	-169.90777871970928
-596.0	-168.10339164733887	-168.1517105102539	-168.24926376342773	-168.13593184167848
-592.0	-166.33635902404785	-166.3847942352295	-166.4811611175537	-166.36879541811285
-588.0	-164.57974243164062	-164.61091232299805	-164.72372817993164	-164.60617879516872
-584.0	-162.80386924743652	-162.85458374023438	-162.96527671813965	-162.8478956375941
-580.0	-161.07045555114746	-161.09659957885742	-161.213134765625	-161.09376437702366
-576.0	-159.32643127441406	-159.34058380126953	-159.45778274536133	-159.34360895836144
-572.0	-157.5756778717041	-157.59448623657227	-157.71314430236816	-157.59725990278662
-568.0	-155.83518409729004	-155.8554515838623	-155.9668788909912	-155.85455569226002
-564.0	-154.092924118042	-154.09791564941406	-154.22502326965332	-154.11534446321963
-560.0	-152.36699104309082	-152.36078643798828	-152.4960880279541	-152.37948597662916
-556.0	-150.62126922607422	-150.62744140625	-150.76884651184082	-150.6468538091143
-552.0	-148.90153884887695	-148.91308403015137	-149.03650665283203	-148.91733768724922
-548.0	-147.17946243286133	-147.1801929473877	-147.30882263183594	-147.19084586639607
-544.0	-145.4530258178711	-145.46357345581055	-145.58046913146973	-145.46730743929643
-540.0	-143.73874282836914	-143.73316955566406	-143.85595703125	-143.74667445027205
-536.0	-142.01960563659668	-142.01918411254883	-142.14714431762695	-142.02892369038514
-532.0	-140.30094528198242	-140.30207443237305	-140.41029930114746	-140.31405805839762
-528.0	-138.59456253051758	-138.57775497436523	-138.69570922851562	-138.60210739190595
-524.0	-136.88873863220215	-136.86523818969727	-136.9808406829834	-136.8931287014055
-520.0	-135.19106674194336	-135.14754104614258	-135.27204513549805	-135.18720577485158
-516.0	-133.4878978729248	-133.4387378692627	-133.5680809020996	-133.4844481582213
-512.0	-131.78457069396973	-131.73319244384766	-131.86119651794434	-131.78498955488072
-508.0	-130.10236930847168	-130.031099319458	-130.15921783447266	-130.08898571958196
-504.0	-128.4206085205078	-128.34196662902832	-128.4699192047119	-128.3966119486418
-500.0	-126.73169898986816	-126.64942741394043	-126.76360893249512	-126.7080602843269
-496.0	-125.05886840820312	-124.9512939453125	-125.06977081298828	-125.02353655795238
-492.0	-123.38193893432617	-123.28932189941406	-123.38474464416504	-123.34325739317447
-488.0	-121.71339225769043	-121.62128067016602	-121.69206047058105	-121.66744727988342
-484.0	-120.04347229003906	-119.94730567932129	-120.01344299316406	-119.99633581209801
-480.0	-118.38490676879883	-118.28728485107422	-118.34208488464355	-118.33015516270251
-476.0	-116.7417163848877	-116.64338111877441	-116.69231033325195	-116.6691378460527
-472.0	-115.0858268737793	-114.99200630187988	-115.02547264099121	-115.01351479836248
-468.0	-113.4368839263916	-113.33347702026367	-113.38570594787598	-113.36351378683764
-464.0	-111.79576110839844	-111.69239234924316	-111.7316780090332	-111.71935814267414
-460.0	-110.15823364257812	-110.05371856689453	-110.08995246887207	-110.08126580071294
-456.0	-108.52423667907715	-108.4289436340332	-108.4436092376709	-108.44944861975915
-452.0	-106.90316963195801	-106.80058097839355	-106.81761169433594	-106.82411195204705
-448.0	-105.27962875366211	-105.18292427062988	-105.20278739929199	-105.20545442759831
-444.0	-103.66751289367676	-103.57320022583008	-103.58974838256836	-103.59366791873063
-440.0	-102.06422805786133	-101.9864559173584	-101.98927879333496	-101.98893765116506
-436.0	-100.4514102935791	-100.3933334350586	-100.39310073852539	-100.39144243054028
-432.0	-98.86867141723633	-98.82071113586426	-98.81057739257812	-98.80135495622619
-428.0	-97.28211784362793	-97.24349975585938	-97.2250747680664	-97.21884219778067
-424.0	-95.71148681640625	-95.67539596557617	-95.65403747558594	-95.64406581294088
-420.0	-94.1474552154541	-94.10421752929688	-94.09009170532227	-94.07718258948827
-416.0	-92.5886287689209	-92.55259132385254	-92.53927803039551	-92.51834489654868
-412.0	-91.0483455657959	-91.00551986694336	-90.9849681854248	-90.96770113380506
-408.0	-89.50253486633301	-89.4585952758789	-89.45271110534668	-89.42539616967923
-404.0	-87.97187995910645	-87.91248321533203	-87.92139434814453	-87.89157176176786
-400.0	-86.4415111541748	-86.38647270202637	-86.39865303039551	-86.36636695471185
-396.0	-84.92361450195312	-84.8731918334961	-84.88511848449707	-84.84991845225753
-392.0	-83.41303253173828	-83.35269546508789	-83.3753719329834	-83.34236096156539
-388.0	-81.90816497802734	-81.8598804473877	-81.8831787109375	-81.84382750886729
-384.0	-80.42404747009277	-80.37085342407227	-80.38946914672852	-80.35444972640039
-380.0	-78.94338798522949	-78.89386940002441	-78.91938209533691	-78.87435811118618
-376.0	-77.48063468933105	-77.41889381408691	-77.45694160461426	-77.40368225670386
-372.0	-76.02920341491699	-75.9490852355957	-76.00395202636719	-75.94255105885495
-368.0	-74.57925796508789	-74.496826171875	-74.5433464050293	-74.49109289785346
-364.0	-73.13401412963867	-73.05769348144531	-73.09509086608887	-73.04943579782221
-360.0	-71.70564270019531	-71.61544799804688	-71.6653003692627	-71.61770756594888
-356.0	-70.277587890625	-70.18733024597168	-70.25274085998535	-70.1960359130693
-352.0	-68.85788917541504	-68.7599868774414	-68.84416007995605	-68.78454855751326
-348.0	-67.45004463195801	-67.36037826538086	-67.44466018676758	-67.38337331398131
-344.0	-66.06717300415039	-65.96379852294922	-66.05752372741699	-65.99263816912602
-340.0	-64.66922378540039	-64.59588432312012	-64.67909622192383	-64.6124713454009
-336.0	-63.30069160461426	-63.222530364990234	-63.313232421875	-63.24300135461468
-332.0	-61.944149017333984	-61.85488700866699	-61.959190368652344	-61.884357042498976
-328.0	-60.59264373779297	-60.50512504577637	-60.61042404174805	-60.5366676254645
-324.0	-59.25646209716797	-59.160762786865234	-59.26859664916992	-59.20006272058984
-320.0	-57.929534912109375	-57.84451866149902	-57.942941665649414	-57.87467236975965
-316.0	-56.60959243774414	-56.52972412109375	-56.63105583190918	-56.56062705874825
-312.0	-55.31452178955078	-55.22168159484863	-55.32794380187988	-55.258057731931785
-308.0	-54.02741813659668	-53.93005561828613	-54.04357147216797	-53.96709580320794
-304.0	-52.74935340881348	-52.64835548400879	-52.76160430908203	-52.687873163606156
-300.0	-51.477020263671875	-51.38100051879883	-51.48834228515625	-51.42052218598772
-296.0	-50.21692085266113	-50.12658500671387	-50.22874641418457	-50.165175727156736
-292.0	-48.97689437866211	-48.87603569030762	-48.975826263427734	-48.92196712763777
-288.0	-47.744384765625	-47.64291000366211	-47.74816703796387	-47.69103020931638
-284.0	-46.5169620513916	-46.411176681518555	-46.53461837768555	-46.472499271088935
-280.0	-45.30678367614746	-45.20387840270996	-45.331106185913086	-45.26650908262417
-276.0	-44.10888481140137	-44.02101707458496	-44.134809494018555	-44.07319487630275
-272.0	-42.92506408691406	-42.84343719482422	-42.95229148864746	-42.89269233737025
-268.0	-41.76219367980957	-41.67815399169922	-41.78304672241211	-41.72513759231225
-264.0	-40.597476959228516	-40.53720283508301	-40.62845802307129	-40.57066719543968
-260.0	-39.45646095275879	-39.40012550354004	-39.48316764831543	-39.429418113654464
-256.0	-38.32974052429199	-38.27388954162598	-38.3485221862793	-38.30152770935021
-252.0	-37.218170166015625	-37.15545654296875	-37.240875244140625	-37.18713372139206
-248.0	-36.11169624328613	-36.06412696838379	-36.1511173248291	-36.086374244108754
-244.0	-35.030818939208984	-34.97244071960449	-35.059247970581055	-34.99938770422247
-240.0	-33.94979667663574	-33.90297889709473	-33.9863395690918	-33.926312835636196
-236.0	-32.88693618774414	-32.85154342651367	-32.931396484375	-32.86728865199177
-232.0	-31.826820373535156	-31.81277084350586	-31.884145736694336	-31.82245441690918
-228.0	-30.80390739440918	-30.78398895263672	-30.84670639038086	-30.79194961181298
-224.0	-29.785045623779297	-29.773258209228516	-29.832231521606445	-29.77591390125059
-220.0	-28.784805297851562	-28.778085708618164	-28.818744659423828	-28.774487095603945
-216.0	-27.794219970703125	-27.784440994262695	-27.83257293701172	-27.787809111096493
-212.0	-26.8270320892334	-26.815916061401367	-26.85051155090332	-26.81601992699558
-208.0	-25.87034034729004	-25.85464096069336	-25.88670539855957	-25.85925953991125
-204.0	-24.932846069335938	-24.91794776916504	-24.949636459350586	-24.917667915093233
-200.0	-24.00390625	-23.99292755126953	-24.028352737426758	-23.991384934628968
-196.0	-23.09920883178711	-23.08941650390625	-23.11820411682129	-23.080550342448447
-192.0	-22.20737075805664	-22.19118309020996	-22.224138259887695	-22.185303686044108
-188.0	-21.319265365600586	-21.30933952331543	-21.33758544921875	-21.30578425481798
-184.0	-20.456193923950195	-20.44000244140625	-20.473735809326172	-20.442131014973853
-180.0	-19.615802764892578	-19.593015670776367	-19.629541397094727	-19.594482540877067
-176.0	-18.77790069580078	-18.760190963745117	-18.802045822143555	-18.762976942812088
-172.0	-17.959659576416016	-17.943876266479492	-17.991531372070312	-17.94775179107603
-168.0	-17.159299850463867	-17.14885902404785	-17.187135696411133	-17.148944036355147
-164.0	-16.371984481811523	-16.362747192382812	-16.399747848510742	-16.36668992634293
-160.0	-15.612985610961914	-15.592916488647461	-15.632606506347656	-15.601124918568132
-156.0	-14.866674423217773	-14.842683792114258	-14.876953125	-14.852383589417798
-152.0	-14.134490966796875	-14.109039306640625	-14.143009185791016	-14.120599539351247
-148.0	-13.424808502197266	-13.401769638061523	-13.430906295776367	-13.405905294320178
-144.0	-12.719514846801758	-12.70042610168457	-12.736902236938477	-12.708432203426412
-140.0	-12.042732238769531	-12.017921447753906	-12.056388854980469	-12.028310332867818
-136.0	-11.384521484375	-11.351482391357422	-11.387456893920898	-11.365668356245465
-132.0	-10.73764419555664	-10.70634651184082	-10.734870910644531	-10.720633441324082
-128.0	-10.112667083740234	-10.069934844970703	-10.113794326782227	-10.093331133365666
-124.0	-9.501710891723633	-9.458745956420898	-9.496915817260742	-9.483885235177524
-120.0	-8.91372299194336	-8.874500274658203	-8.903764724731445	-8.892417684044858
-116.0	-8.339258193969727	-8.304059982299805	-8.325889587402344	-8.319048425743517
-112.0	-7.791116714477539	-7.744623184204102	-7.770893096923828	-7.763895285859405
-108.0	-7.248651504516602	-7.203327178955078	-7.236825942993164	-7.2270738386674225
-104.0	-6.725986480712891	-6.680696487426758	-6.718326568603516	-6.7086972738559325
-100.0	-6.228118896484375	-6.185474395751953	-6.22068977355957	-6.208876261409671
-96.0	-5.753032684326172	-5.705265045166016	-5.737749099731445	-5.7277188149968765
-92.0	-5.288288116455078	-5.247406005859375	-5.270635604858398	-5.265330154235755
-88.0	-4.843418121337891	-4.8014068603515625	-4.821220397949219	-4.82181256624375
-84.0	-4.421052932739258	-4.376298904418945	-4.397394180297852	-4.397265266903389
-80.0	-4.013553619384766	-3.972566604614258	-3.9876461029052734	-3.9917842623040656
-76.0	-3.625102996826172	-3.586881637573242	-3.6002426147460938	-3.605462210845644
-72.0	-3.2649612426757812	-3.2259559631347656	-3.2263927459716797	-3.2383882865120768
-68.0	-2.9138011932373047	-2.8823623657226562	-2.883089065551758	-2.89064804384509
-64.0	-2.5822391510009766	-2.55462646484375	-2.5554676055908203	-2.5623232851634725
-60.0	-2.2684993743896484	-2.2413291931152344	-2.242340087890625	-2.2534919305902577
-56.0	-1.9812602996826172	-1.9488677978515625	-1.9532108306884766	-1.9642278914585063
-52.0	-1.7091789245605469	-1.6808032989501953	-1.6769943237304688	-1.6946009476725408
-48.0	-1.4546222686767578	-1.4356441497802734	-1.4307842254638672	-1.4446766296043165
-44.0	-1.2205314636230469	-1.2077007293701172	-1.2045707702636719	-1.2145161050999036
-40.0	-1.0119686126708984	-0.9970436096191406	-0.9962539672851562	-1.0041760721634887
-36.0	-0.8197727203369141	-0.8072586059570312	-0.8062057495117188	-0.8137086578722119
-32.0	-0.6490268707275391	-0.6371078491210938	-0.6383895874023438	-0.6431613240563934
-28.0	-0.4966106414794922	-0.48546409606933594	-0.4943389892578125	-0.49257678025594487
-24.0	-0.36950111389160156	-0.35162353515625	-0.36478233337402344	-0.36199290443312293
-20.0	-0.2538890838623047	-0.24454689025878906	-0.2567310333251953	-0.25144267188767344
-16.0	-0.1591033935546875	-0.15306663513183594	-0.16521644592285156	-0.1609540927817079
-12.0	-0.089752197265625	-0.08964157104492188	-0.09706878662109375	-0.09055015863555127
-8.0	-0.03423309326171875	-0.03668212890625	-0.04725456237792969	-0.040248798109871586
-4.0	-0.0022029876708984375	-0.009389877319335938	-0.018045425415039062	-0.010062842335798905
0.0	0.0	0.0	0.0	0.0
4.0	-0.010568618774414062	-0.0065898895263671875	-0.010021209716796875	-0.010062842335798905
8.0	-0.04060935974121094	-0.035282135009765625	-0.040355682373046875	-0.040248798109871586
12.0	-0.09308242797851562	-0.087066650390625	-0.08792686462402344	-0.09055015863555127
16.0	-0.1619873046875	-0.15575027465820312	-0.15612030029296875	-0.1609540927817079
20.0	-0.24788284301757812	-0.24825096130371094	-0.2446117401123047	-0.25144267188767344
24.0	-0.36285400390625	-0.36180877685546875	-0.3563880920410156	-0.36199290443312293
28.0	-0.4938678741455078	-0.4909934997558594	-0.4859657287597656	-0.49257678025594487
32.0	-0.6415176391601562	-0.6410789489746094	-0.6375846862792969	-0.6431613240563934
36.0	-0.8072052001953125	-0.8147335052490234	-0.8105087280273438	-0.8137086578722119
40.0	-0.9978771209716797	-0.9997730255126953	-1.0035324096679688	-1.0041760721634887
44.0	-1.1980934143066406	-1.2175674438476562	-1.219442367553711	-1.2145161050999036
48.0	-1.4290904998779297	-1.45501708984375	-1.450674057006836	-1.4446766296043165
52.0	-1.680135726928711	-1.7084732055664062	-1.701131820678711	-1.6946009476725408
56.0	-1.9525833129882812	-1.9749183654785156	-1.9681739807128906	-1.9642278914585063
60.0	-2.2426815032958984	-2.2636775970458984	-2.257709503173828	-2.2534919305902577
64.0	-2.5529613494873047	-2.5711917877197266	-2.5596275329589844	-2.5623232851634725
68.0	-2.8873043060302734	-2.8966140747070312	-2.885042190551758	-2.89064804384509
72.0	-3.238056182861328	-3.2462196350097656	-3.239206314086914	-3.2383882865120768
76.0	-3.6036853790283203	-3.6171875	-3.606464385986328	-3.605462210845644
80.0	-3.989370346069336	-4.0029754638671875	-3.9966087341308594	-3.9917842623040656
84.0	-4.390718460083008	-4.415048599243164	-4.397281646728516	-4.397265266903389
88.0	-4.819440841674805	-4.841728210449219	-4.825719833374023	-4.82181256624375
92.0	-5.2706146240234375	-5.28553581237793	-5.271244049072266	-5.265330154235755
96.0	-5.729894638061523	-5.743953704833984	-5.738298416137695	-5.7277188149968765
100.0	-6.2099151611328125	-6.22535514831543	-6.2205352783203125	-6.208876261409671
104.0	-6.708654403686523	-6.727291107177734	-6.726907730102539	-6.7086972738559325
108.0	-7.227174758911133	-7.242773056030273	-7.244958877563477	-7.2270738386674225
112.0	-7.766416549682617	-7.777713775634766	-7.787466049194336	-7.763895285859405
116.0	-8.321182250976562	-8.329017639160156	-8.343891143798828	-8.319048425743517
120.0	-8.892129898071289	-8.901458740234375	-8.915140151977539	-8.892417684044858
124.0	-9.483333587646484	-9.496639251708984	-9.504781723022461	-9.483885235177524
128.0	-10.088478088378906	-10.10269546508789	-10.115663528442383	-10.093331133365666
132.0	-10.712507247924805	-10.729312896728516	-10.738636016845703	-10.720633441324082
136.0	-11.36142349243164	-11.372110366821289	-11.381488800048828	-11.365668356245465
140.0	-12.021631240844727	-12.04057502746582	-12.039892196655273	-12.028310332867818
144.0	-12.70231819152832	-12.717483520507812	-12.715042114257812	-12.708432203426412
148.0	-13.399192810058594	-13.412164688110352	-13.420839309692383	-13.405905294320178
152.0	-14.11018180847168	-14.131336212158203	-14.132062911987305	-14.120599539351247
156.0	-14.841562271118164	-14.866504669189453	-14.86220932006836	-14.852383589417798
160.0	-15.595802307128906	-15.611892700195312	-15.60224723815918	-15.601124918568132
164.0	-16.358535766601562	-16.38062858581543	-16.354679107666016	-16.36668992634293
168.0	-17.1422061920166	-17.16151237487793	-17.134626388549805	-17.148944036355147
172.0	-17.9471378326416	-17.949983596801758	-17.934070587158203	-17.94775179107603
176.0	-18.7689208984375	-18.76066780090332	-18.75749397277832	-18.762976942812088
180.0	-19.599748611450195	-19.584508895874023	-19.59592628479004	-19.594482540877067
184.0	-20.44635772705078	-20.42835235595703	-20.440326690673828	-20.442131014973853
188.0	-21.315622329711914	-21.28543472290039	-21.297147750854492	-21.30578425481798
192.0	-22.195817947387695	-22.17344856262207	-22.181137084960938	-22.185303686044108
196.0	-23.085886001586914	-23.067358016967773	-23.08661651611328	-23.080550342448447
200.0	-23.997159957885742	-23.97580337524414	-23.993446350097656	-23.991384934628968
204.0	-24.917938232421875	-24.902578353881836	-24.916820526123047	-24.917667915093233
208.0	-25.856407165527344	-25.846599578857422	-25.852693557739258	-25.85925953991125
212.0	-26.81437110900879	-26.7974853515625	-26.821496963500977	-26.81601992699558
216.0	-27.786962509155273	-27.7744197845459	-27.793834686279297	-27.787809111096493
220.0	-28.771297454833984	-28.75564193725586	-28.779354095458984	-28.774487095603945
224.0	-29.779752731323242	-29.752208709716797	-29.78322410583496	-29.77591390125059
228.0	-30.798593521118164	-30.766664505004883	-30.800968170166016	-30.79194961181298
232.0	-31.830190658569336	-31.799205780029297	-31.831790924072266	-31.82245441690918
236.0	-32.87020492553711	-32.84989356994629	-32.87636184692383	-32.86728865199177
240.0	-33.927812576293945	-33.90587615966797	-33.93948173522949	-33.926312835636196
244.0	-34.99402046203613	-34.97865295410156	-35.0136775970459	-34.99938770422247
248.0	-36.081560134887695	-36.06599807739258	-36.099294662475586	-36.086374244108754
252.0	-37.189626693725586	-37.175493240356445	-37.19997596740723	-37.18713372139206
256.0	-38.30034255981445	-38.29587936401367	-38.32296371459961	-38.30152770935021
260.0	-39.42456817626953	-39.430294036865234	-39.454885482788086	-39.429418113654464
264.0	-40.55899429321289	-40.57447814941406	-40.592763900756836	-40.57066719543968
268.0	-41.71222496032715	-41.73685073852539	-41.74688720703125	-41.72513759231225
272.0	-42.88942527770996	-42.9112491607666	-42.91230010986328	-42.89269233737025
276.0	-44.06446838378906	-44.10259437561035	-44.09031867980957	-44.07319487630275
280.0	-45.25869369506836	-45.29319763183594	-45.27690887451172	-45.26650908262417
284.0	-46.46995544433594	-46.509307861328125	-46.48192596435547	-46.472499271088935
288.0	-47.696533203125	-47.72637176513672	-47.69476318359375	-47.69103020931638
292.0	-48.92951202392578	-48.9599723815918	-48.92497253417969	-48.92196712763777
296.0	-50.17035102844238	-50.19697952270508	-50.17021369934082	-50.165175727156736
300.0	-51.42318534851074	-51.445770263671875	-51.424415588378906	-51.42052218598772
304.0	-52.68276405334473	-52.707420349121094	-52.68216514587402	-52.687873163606156
308.0	-53.96412467956543	-53.979698181152344	-53.965707778930664	-53.96709580320794
312.0	-55.257991790771484	-55.27909851074219	-55.25887680053711	-55.258057731931785
316.0	-56.56715774536133	-56.57607650756836	-56.57317924499512	-56.56062705874825
320.0	-57.880126953125	-57.89525032043457	-57.874671936035156	-57.87467236975965
324.0	-59.20953559875488	-59.22425079345703	-59.20017433166504	-59.20006272058984
328.0	-60.54521942138672	-60.57159423828125	-60.53554916381836	-60.5366676254645
332.0	-61.90202522277832	-61.919912338256836	-61.883419036865234	-61.884357042498976
336.0	-63.24872398376465	-63.2845458984375	-63.24853706359863	-63.24300135461468
340.0	-64.62578010559082	-64.65446853637695	-64.61437225341797	-64.6124713454009
344.0	-65.99754905700684	-66.03210067749023	-65.99854850769043	-65.99263816912602
348.0	-67.39254570007324	-67.42354202270508	-67.39536094665527	-67.38337331398131
352.0	-68.79000854492188	-68.82725715637207	-68.80182838439941	-68.78454855751326
356.0	-70.19338417053223	-70.23604202270508	-70.21547889709473	-70.1960359130693
360.0	-71.61348724365234	-71.66172409057617	-71.6473388671875	-71.61770756594888
364.0	-73.04015159606934	-73.08946228027344	-73.08252334594727	-73.04943579782221
368.0	-74.48640441894531	-74.51870727539062	-74.52058601379395	-74.49109289785346
372.0	-75.9308090209961	-75.96147918701172	-75.9761848449707	-75.94255105885495
376.0	-77.3964729309082	-77.42051124572754	-77.44123268127441	-77.40368225670386
380.0	-78.8663330078125	-78.89074897766113	-78.90983581542969	-78.87435811118618
384.0	-80.34574699401855	-80.36957168579102	-80.3787899017334	-80.35444972640039
388.0	-81.83796119689941	-81.85600471496582	-81.86921310424805	-81.84382750886729
392.0	-83.34232711791992	-83.35178756713867	-83.36639976501465	-83.34236096156539
396.0	-84.85452651977539	-84.85615348815918	-84.87681770324707	-84.84991845225753
400.0	-86.39253616333008	-86.36753845214844	-86.39727973937988	-86.36636695471185
404.0	-87.90824508666992	-87.89721488952637	-87.92523574829102	-87.89157176176786
408.0	-89.43951225280762	-89.40759658813477	-89.47444152832031	-89.42539616967923
412.0	-90.97710418701172	-90.95856094360352	-91.00430870056152	-90.96770113380506
416.0	-92.5304126739502	-92.50250816345215	-92.56546783447266	-92.51834489654868
420.0	-94.08710479736328	-94.05482482910156	-94.11224174499512	-94.07718258948827
424.0	-95.64547538757324	-95.62115287780762	-95.68094062805176	-95.64406581294088
428.0	-97.22252082824707	-97.1956558227539	-97.26837158203125	-97.21884219778067
432.0	-98.79311180114746	-98.76459503173828	-98.84895515441895	-98.80135495622619
436.0	-100.39650344848633	-100.35082054138184	-100.44539451599121	-100.39144243054028
440.0	-102.00057029724121	-101.93888664245605	-102.04293251037598	-101.98893765116506
444.0	-103.60928916931152	-103.54955673217773	-103.65820693969727	-103.59366791873063
448.0	-105.22865676879883	-105.15523529052734	-105.26948928833008	-105.20545442759831
452.0	-106.86141204833984	-106.7689037322998	-106.89945793151855	-106.82411195204705
456.0	-108.48508262634277	-108.38249588012695	-108.52780151367188	-108.44944861975915
460.0	-110.12590026855469	-110.00822067260742	-110.14878273010254	-110.08126580071294
464.0	-111.77301025390625	-111.64180755615234	-111.79501724243164	-111.71935814267414
468.0	-113.41794776916504	-113.28395652770996	-113.4601993560791	-113.36351378683764
472.0	-115.06237602233887	-114.9425220489502	-115.10806846618652	-115.01351479836248
476.0	-116.72062301635742	-116.60367774963379	-116.75844955444336	-116.6691378460527
480.0	-118.38147354125977	-118.2557258605957	-118.40659713745117	-118.33015516270251
484.0	-120.05460929870605	-119.91381454467773	-120.07945823669434	-119.99633581209801
488.0	-121.73146057128906	-121.57480239868164	-121.75969314575195	-121.66744727988342
492.0	-123.40623474121094	-123.24444389343262	-123.43832588195801	-123.34325739317447
496.0	-125.08345794677734	-124.91507911682129	-125.12331962585449	-125.02353655795238
500.0	-126.77065086364746	-126.60420036315918	-126.81283950805664	-126.7080602843269
504.0	-128.4628677368164	-128.28252029418945	-128.51507759094238	-128.3966119486418
508.0	-130.15374565124512	-129.98342514038086	-130.2131004333496	-130.08898571958196
512.0	-131.86409378051758	-131.6807041168213	-131.91764450073242	-131.78498955488072
516.0	-133.57745552062988	-133.37668800354004	-133.6177520751953	-133.4844481582213
520.0	-135.27155303955078	-135.08713912963867	-135.31834602355957	-135.18720577485158
524.0	-136.98003005981445	-136.78863525390625	-137.02215003967285	-136.8931287014055
528.0	-138.6947021484375	-138.5007038116455	-138.74144554138184	-138.60210739190595
532.0	-140.3982696533203	-140.21067237854004	-140.4592399597168	-140.31405805839762
536.0	-142.11006546020508	-141.94080924987793	-142.17833709716797	-142.02892369038514
540.0	-143.8270034790039	-143.63835525512695	-143.8964614868164	-143.74667445027205
544.0	-145.55145454406738	-145.3564453125	-145.61945343017578	-145.46730743929643
548.0	-147.27451515197754	-147.08424949645996	-147.32977104187012	-147.19084586639607
552.0	-149.00011825561523	-148.80487251281738	-149.0493679046631	-148.91733768724922
556.0	-150.7240390777588	-150.53932189941406	-150.77777099609375	-150.6468538091143
560.0	-152.46269989013672	-152.26573944091797	-152.49615859985352	-152.37948597662916
564.0	-154.1949062347412	-154.00333786010742	-154.23849868774414	-154.11534446321963
568.0	-155.93203926086426	-155.7379665374756	-155.98479652404785	-155.85455569226002
572.0	-157.67920303344727	-157.47712326049805	-157.71591567993164	-157.59725990278662
576.0	-159.44355392456055	-159.235933303833	-159.4678440093994	-159.34360895836144
580.0	-161.18339157104492	-160.9863224029541	-161.21628761291504	-161.09376437702366
584.0	-162.9410743713379	-162.75152397155762	-162.955810546875	-162.8478956375941
588.0	-164.69769668579102	-164.52560997009277	-164.7114028930664	-164.60617879516872
592.0	-166.47438621520996	-166.27226638793945	-166.4718952178955	-166.36879541811285
596.0	-168.25082206726074	-168.05096435546875	-168.24254417419434	-168.13593184167848
600.0	-170.02770233154297	-169.81695747375488	-170.02213287353516	-169.90777871970928
604.0	-171.80461883544922	-171.58940505981445	-171.79864883422852	-171.684530847004
608.0	-173.6046142578125	-173.36627388000488	-173.58953285217285	-173.46638721829186
612.0	-175.38174057006836	-175.14865684509277	-175.3664665222168	-175.25355129003157
616.0	-177.17177772521973	-176.9389476776123	-177.16368865966797	-177.046231406819
620.0	-178.97610473632812	-178.73473739624023	-178.9487133026123	-178.84464136805028
624.0	-180.77371788024902	-180.53960609436035	-180.74076652526855	-180.64900109153325
628.0	-182.5925350189209	-182.35700035095215	-182.5421848297119	-182.45953738521428
632.0	-184.39673233032227	-184.1612091064453	-184.35601997375488	-184.27648474143652
636.0	-186.22861862182617	-185.98860549926758	-186.17184257507324	-186.1000862859804
640.0	-188.04679107666016	-187.8091640472412	-187.98654174804688	-187.93059458529814
644.0	-189.87595176696777	-189.64827919006348	-189.82311630249023	-189.76827290275025
648.0	-191.71331596374512	-191.49503326416016	-191.66676330566406	-191.6133957241446
652.0	-193.57297897338867	-193.33796501159668	-193.5035858154297	-193.4662509163217
656.0	-195.42303276062012	-195.2248992919922	-195.35742378234863	-195.32713889511768
660.0	-197.30508613586426	-197.04485702514648	-197.21745681762695	-197.19637786311029
664.0	-199.17982482910156	-198.9523048400879	-199.0940818786621	-199.07429766165296
668.0	-201.06597518920898	-200.8371295928955	-201.0029468536377	-200.96125570157076
672.0	-202.95771408081055	-202.7367172241211	-202.9083709716797	-202.8576116195245
676.0	-204.8535099029541	-204.63506317138672	-204.78931427001953	-204.76377963411107
680.0	-206.76685905456543	-206.55481338500977	-206.714111328125	-206.68013761756376
684.0	-208.71290397644043	-208.48149490356445	-208.63333320617676	-208.60719951370254
688.0	-210.63214111328125	-210.42471504211426	-210.59221839904785	-210.54531074335614
692.0	-212.5847225189209	-212.36826133728027	-212.52729034423828	-212.49520114041792
696.0	-214.54164505004883	-214.34536933898926	-214.50448989868164	-214.45701520995934
700.0	-216.4992332458496	-216.30917167663574	-216.47763442993164	-216.43202074490264
704.0	-218.49227142333984	-218.2975311279297	-218.44700050354004	-218.4196607909791
708.0	-220.5050868988037	-220.30623626708984	-220.45068550109863	-220.4226178358986
712.0	-222.52276420593262	-222.32107162475586	-222.47840690612793	-222.43825068578178
716.0	-224.56239700317383	-224.34868240356445	-224.51385116577148	-224.4729535601121
720.0	-226.6119155883789	-226.37998390197754	-226.5653133392334	-226.51840963398922
724.0	-228.68744468688965	-228.43707084655762	-228.6332244873047	-228.59045827411214
728.0	-230.76094818115234	-230.48092651367188	-230.71022033691406	-230.66632070807867
732.0	-232.87445640563965	-232.61371421813965	-232.8065528869629	-232.78482495694738
736.0	-234.99175262451172	-234.67154121398926	-234.92276191711426	-234.8885215700073
740.0	-237.14522743225098	-236.8579921722412	-237.1003017425537	-237.06933129852564
744.0	-239.2695255279541	-238.95634651184082	-239.21982383728027	-239.19161833899383
748.0	-241.56547927856445	-241.27325057983398	-241.48311614990234	-241.46297740184156
752.0	-243.6657657623291	-243.34933280944824	-243.5964241027832	-243.58236223068377
756.0	-246.06807899475098	-245.7960910797119	-246.00929069519043	-245.99390278367997
760.0	-248.13501167297363	-247.84506034851074	-248.07554054260254	-248.06937492526436
764.0	-250.81366157531738	-250.4948959350586	-250.71353721618652	-250.70514524977682
768.0	-252.74209022521973	-252.43468475341797	-252.6710605621338	-252.66875259438476
772.0	-255.73774909973145	-255.44541931152344	-255.67299842834473	-255.66600873148676
776.0	-257.4898796081543	-257.1806755065918	-257.41569328308105	-257.4153984814982
780.0	-261.04048919677734	-260.79286766052246	-261.00447845458984	-261.00137744579513
784.0	-262.4354019165039	-262.16420555114746	-262.350793838501	-262.380309810474
788.0	-267.0862693786621	-266.7760829925537	-267.00562477111816	-267.0077306053969
792.0	-267.7342758178711	-267.4616889953613	-267.671049118042	-267.70087778595683
800.0	-274.90494537353516	-273.4229259490967	-273.6580123901367	-273.6923423330648
