E	Sunny	MCX native	exact
-800.0	0.0	0.0	0.0
-792.0	6.416389465332031	5.9918060302734375	5.991464547107982
-788.0	7.137836456298828	6.677555084228516	6.684611727667927
-784.0	11.75356674194336	11.308921813964844	11.312032522590838
-780.0	13.123851776123047	12.655355453491211	12.69096488726966
-776.0	16.707490921020508	16.25894546508789	16.276943851566635
-772.0	18.434940338134766	18.003358840942383	18.02633360157805
-768.0	21.432960510253906	20.998641967773438	21.023589738680045
-764.0	23.382413864135742	22.971149444580078	22.987197083288
-760.0	26.038890838623047	25.600866317749023	25.62296740780046
-756.0	28.111858367919922	27.67999267578125	27.698439549384823
-752.0	30.522422790527344	30.098155975341797	30.10998010238103
-748.0	32.649532318115234	32.23320960998535	32.22936493122325
-744.0	34.90639877319336	34.48925971984863	34.50072399407097
-740.0	37.041656494140625	36.61358070373535	36.623011034539154
-736.0	39.21723747253418	38.77182579040527	38.803820763057516
-732.0	41.32802391052246	40.88945388793945	40.90751737611741
-728.0	43.45180320739746	42.98345756530762	43.02602162498613
-724.0	45.530696868896484	45.069997787475586	45.101884058952656
-720.0	47.618059158325195	47.170034408569336	47.173932699075586
-716.0	49.670583724975586	49.174442291259766	49.2193887729527
-712.0	51.71123504638672	51.235788345336914	51.25409164728303
-708.0	53.739646911621094	53.24679183959961	53.269724497166216
-704.0	55.756452560424805	55.26357841491699	55.272681542085714
-700.0	57.75020980834961	57.258609771728516	57.26032158816215
-696.0	59.72002601623535	59.22328186035156	59.235327123105456
-692.0	61.67258834838867	61.19250679016113	61.197141192646875
-688.0	63.645124435424805	63.15758514404297	63.14703158970866
-684.0	65.59817695617676	65.08357810974121	65.08514281936225
-680.0	67.51835823059082	67.01845359802246	67.01220471550104
-676.0	69.43561744689941	68.92358779907227	68.92856269895374
-672.0	71.35790061950684	70.81610679626465	70.8347307135403
-668.0	73.24761009216309	72.72430419921875	72.73108663149404
-664.0	75.12786674499512	74.61697196960449	74.61804467141184
-660.0	77.00176620483398	76.49107933044434	76.4959644699545
-656.0	78.88833999633789	78.34062004089355	78.36520343794713
-652.0	80.73770141601562	80.20778274536133	80.22609141674307
-648.0	82.6071720123291	82.0632152557373	82.07894660892019
-644.0	84.43102645874023	83.91184997558594	83.92406943031456
-640.0	86.27717590332031	85.74172973632812	85.76174774776668
-636.0	88.11824607849121	87.58077812194824	87.5922560470844
-632.0	89.93738174438477	89.3868579864502	89.41585759162828
-628.0	91.75998306274414	91.210205078125	91.23280494785052
-624.0	93.5519962310791	93.01158905029297	93.04334124153154
-620.0	95.37289047241211	94.80863952636719	94.84770096501452
-616.0	97.14604759216309	96.59783744812012	96.64611092624581
-612.0	98.94144248962402	98.39430046081543	98.43879104303323
-608.0	100.73100280761719	100.18253707885742	100.22595511477294
-604.0	102.5081901550293	101.96098518371582	102.0078114860608
-600.0	104.28683090209961	103.72087097167969	103.78456361335552
-596.0	106.05121612548828	105.50426483154297	105.5564104913863
-592.0	107.81835556030273	107.26320457458496	107.32354691495195
-588.0	109.58380699157715	109.02909851074219	109.08616353789607
-584.0	111.32659149169922	110.78043746948242	110.8444466954707
-580.0	113.0775260925293	112.51949691772461	112.59857795604115
-576.0	114.8336067199707	114.27165985107422	114.34873337470336
-572.0	116.57326889038086	116.0168514251709	116.0950824302782
-568.0	118.32100486755371	117.74809265136719	117.83778664080477
-564.0	120.05569458007812	119.47538185119629	119.57699786984516
-560.0	121.78660202026367	121.20676231384277	121.31285635643566
-556.0	123.51435089111328	122.94431686401367	123.04548852395051
-552.0	125.24195289611816	124.66079711914062	124.77500464581559
-548.0	126.97854423522949	126.38615036010742	126.50149646666873
-544.0	128.69812393188477	128.1004695892334	128.22503489376837
-540.0	130.41308212280273	129.82154083251953	129.94566788279275
-536.0	132.1159210205078	131.54847526550293	131.66341864267966
-532.0	133.8346176147461	133.25949096679688	133.37828427466718
-528.0	135.53753662109375	134.95959281921387	135.09023494115885
-524.0	137.2417392730713	136.65535354614258	136.7992136316593
-520.0	138.93946266174316	138.35206985473633	138.50513655821322
-516.0	140.6463680267334	140.0501365661621	140.2078941748435
-512.0	142.34516525268555	141.73328018188477	141.90735277818408
-508.0	144.03120803833008	143.42661094665527	143.60335661348284
-504.0	145.7339630126953	145.11180686950684	145.295730384423
-500.0	147.42226600646973	146.80675315856934	146.9842820487379
-496.0	149.1056613922119	148.48656463623047	148.66880577511242
-492.0	150.78699684143066	150.1572608947754	150.34908493989033
-488.0	152.46886825561523	151.83969688415527	152.02489505318138
-484.0	154.1353530883789	153.5216407775879	153.6960065209668
-480.0	155.80255889892578	155.18907737731934	155.3621871703623
-476.0	157.4565372467041	156.83875465393066	157.0232044870121
-472.0	159.11651802062988	158.49226570129395	158.67882753470232
-468.0	160.77305221557617	160.14514350891113	160.32882854622716
-464.0	162.42100524902344	161.79236602783203	161.97298419039066
-460.0	164.05935859680176	163.44471549987793	163.61107653235186
-456.0	165.6938991546631	165.0903205871582	165.24289371330565
-452.0	167.31774139404297	166.71245956420898	166.86823038101775
-448.0	168.9439296722412	168.33115577697754	168.4868879054665
-444.0	170.55024528503418	169.94185829162598	170.09867441433417
-440.0	172.16334533691406	171.54321098327637	171.70340468189974
-436.0	173.76280784606934	173.1390323638916	173.30089990252452
-432.0	175.3552532196045	174.73734855651855	174.8909873768386
-428.0	176.9337615966797	176.32244491577148	176.47350013528413
-424.0	178.5102596282959	177.89270210266113	178.04827652012392
-420.0	180.07896995544434	179.4655246734619	179.61515974357653
-416.0	181.64737510681152	181.0281810760498	181.17399743651612
-412.0	183.21039390563965	182.5822982788086	182.72464119925974
-408.0	184.75534629821777	184.13384246826172	184.26694616338557
-404.0	186.28332138061523	185.6708469390869	185.80077057129694
-400.0	187.81072235107422	187.18731307983398	187.32597537835295
-396.0	189.33688354492188	188.70001602172852	188.84242388080727
-392.0	190.8450164794922	190.2168674468994	190.3499813714994
-388.0	192.34338569641113	191.70931243896484	191.8485148241975
-384.0	193.83398246765137	193.19384765625	193.3378926066644
-380.0	195.322172164917	194.6814250946045	194.81798422187862
-376.0	196.792236328125	196.15011596679688	196.28866007636094
-372.0	198.24763298034668	197.60760879516602	197.74979127420985
-368.0	199.69376754760742	199.05946731567383	199.20124943521134
-364.0	201.13961601257324	200.50073051452637	200.6429065352426
-360.0	202.58142471313477	201.94097137451172	202.07463476711592
-356.0	204.00901222229004	203.36227226257324	203.4963064199955
-352.0	205.42116355895996	204.7741870880127	204.90779377555154
-348.0	206.82143020629883	206.18123817443848	206.3089690190835
-344.0	208.21182250976562	207.57622146606445	207.69970416393878
-340.0	209.58362770080566	208.9627342224121	209.0798709876639
-336.0	210.947172164917	210.32493782043457	210.44934097845012
-332.0	212.31331253051758	211.69602584838867	211.80798529056582
-328.0	213.65821838378906	213.0514373779297	213.1556747076003
-324.0	214.99270248413086	214.3944969177246	214.49227961247496
-320.0	216.3211898803711	215.73112297058105	215.81766996330515
-316.0	217.6308250427246	217.0413303375244	217.13171527431655
-312.0	218.9325122833252	218.34800720214844	218.43428460113302
-308.0	220.2278289794922	219.6419620513916	219.72524652985686
-304.0	221.50278282165527	220.91422271728516	221.00446916945864
-300.0	222.76422119140625	222.18990898132324	222.27182014707708
-296.0	224.01935386657715	223.44753074645996	223.52716660590806
-292.0	225.26695251464844	224.6904582977295	224.77037520542703
-288.0	226.49127388000488	225.92134284973145	226.00131212374842
-284.0	227.70151901245117	227.14204788208008	227.21984306197587
-280.0	228.9041633605957	228.3535385131836	228.42583325044063
-276.0	230.08955764770508	229.5525016784668	229.61914745676205
-272.0	231.26453018188477	230.74344062805176	230.79964999569455
-268.0	232.43006134033203	231.91374588012695	231.96720474075255
-264.0	233.58886909484863	233.07302474975586	233.12167513762512
-260.0	234.72560501098633	234.2159767150879	234.26292421941034
-256.0	235.84724044799805	235.3330192565918	235.3908146237146
-252.0	236.9632511138916	236.445219039917	236.50520861167274
-248.0	238.0680389404297	237.54222297668457	237.60596808895605
-244.0	239.1538486480713	238.63506889343262	238.69295462884233
-240.0	240.22735786437988	239.70019149780273	239.7660294974286
-236.0	241.28352165222168	240.75650596618652	240.82505368107303
-232.0	242.33449935913086	241.7931137084961	241.86988791615562
-228.0	243.3545742034912	242.81689643859863	242.90039272125182
-224.0	244.3701515197754	243.8261604309082	243.9164284318142
-220.0	245.36463737487793	244.8193073272705	244.91785523746086
-216.0	246.35863304138184	245.80673217773438	245.9045332219683
-212.0	247.33014297485352	246.7780704498291	246.87632240606922
-208.0	248.29212760925293	247.7398624420166	247.83308279315355
-204.0	249.23121070861816	248.67866134643555	248.77467441797157
-200.0	250.15926933288574	249.60571670532227	249.70095739843583
-196.0	251.07183456420898	250.51695251464844	250.61179199061635
-192.0	251.98057746887207	251.4077548980713	251.5070386470207
-188.0	252.84904098510742	252.2915267944336	252.38655807824682
-184.0	253.70738410949707	253.1580810546875	253.25021131809095
-180.0	254.5526008605957	254.00480270385742	254.09785979218773
-176.0	255.37516975402832	254.83489799499512	254.9293653902527
-172.0	256.18775367736816	255.65266227722168	255.74459054198877
-168.0	256.97852325439453	256.45469856262207	256.54339829670965
-164.0	257.76330947875977	257.23133087158203	257.3256524067219
-160.0	258.5226192474365	257.9996223449707	258.09121741449667
-156.0	259.2762336730957	258.7489891052246	258.839958743647
-152.0	260.0081310272217	259.48472023010254	259.57174279371355
-148.0	260.72727394104004	260.20705795288086	260.2864370387446
-144.0	261.4253463745117	260.911922454834	260.9839101296384
-140.0	262.1071434020996	261.5806179046631	261.664032000197
-136.0	262.77425956726074	262.2411117553711	262.32667397681934
-132.0	263.4147319793701	262.88509368896484	262.9717088917407
-128.0	264.04615783691406	263.51377868652344	263.59901119969913
-124.0	264.6607608795166	264.1201000213623	264.2084570978873
-120.0	265.2512836456299	264.711389541626	264.79992464901994
-116.0	265.8282661437988	265.2812805175781	265.3732939073213
-112.0	266.3819236755371	265.83662605285645	265.9284470472054
-108.0	266.9168758392334	266.3727054595947	266.4652684943974
-104.0	267.439603805542	266.89051055908203	266.98364505920887
-100.0	267.93675994873047	267.3888854980469	267.48346607165513
-96.0	268.42308044433594	267.8697319030762	267.9646235180679
-92.0	268.893949508667	268.33674240112305	268.42701217882905
-88.0	269.3436222076416	268.7816524505615	268.87052976682105
-84.0	269.76744842529297	269.2146396636963	269.2950770661614
-80.0	270.1699867248535	269.6188678741455	269.70055807076074
-76.0	270.55809593200684	270.0106906890869	270.08688012221916
-72.0	270.9232006072998	270.37452697753906	270.4539540465527
-68.0	271.27352142333984	270.72386169433594	270.8016942892197
-64.0	271.5963134765625	271.04824447631836	271.1300190479013
-60.0	271.9119186401367	271.3531188964844	271.43885040247454
-56.0	272.2006301879883	271.64410400390625	271.7281144416063
-52.0	272.4694366455078	271.9083881378174	271.99774138539226
-48.0	272.71580696105957	272.1576042175293	272.2476657034605
-44.0	272.9518394470215	272.3854351043701	272.4778262279649
-40.0	273.1606330871582	272.59642791748047	272.6881662609013
-36.0	273.35520935058594	272.7827033996582	272.8786336751926
-32.0	273.5260524749756	272.9520378112793	273.0491810090084
-28.0	273.67236709594727	273.1039180755615	273.19976555280886
-24.0	273.8023738861084	273.2363967895508	273.3303494286317
-20.0	273.9135112762451	273.34535217285156	273.4408996611771
-16.0	274.00180435180664	273.44217109680176	273.5313882402831
-12.0	274.0762996673584	273.51121520996094	273.60179217442925
-8.0	274.1295852661133	273.5649948120117	273.65209353495493
-4.0	274.161226272583	273.59704780578613	273.682279490729
0.0	274.168737411499	273.60869216918945	273.6923423330648
4.0	274.16248512268066	273.6012935638428	273.682279490729
8.0	274.1319885253906	273.5660457611084	273.65209353495493
12.0	274.07938385009766	273.5212345123291	273.60179217442925
16.0	274.0097408294678	273.44934844970703	273.5313882402831
20.0	273.9203357696533	273.35972785949707	273.4408996611771
24.0	273.8122749328613	273.2508888244629	273.3303494286317
28.0	273.682825088501	273.1129398345947	273.19976555280886
32.0	273.5326957702637	272.95741081237793	273.0491810090084
36.0	273.36884117126465	272.78578758239746	272.8786336751926
40.0	273.17237281799316	272.59503173828125	272.6881662609013
44.0	272.9659614562988	272.38885498046875	272.4778262279649
48.0	272.7377414703369	272.1571731567383	272.2476657034605
52.0	272.48717498779297	271.9101753234863	271.99774138539226
56.0	272.21911430358887	271.64652252197266	271.7281144416063
60.0	271.920316696167	271.35436248779297	271.43885040247454
64.0	271.6143112182617	271.04324531555176	271.1300190479013
68.0	271.28131675720215	270.7185802459717	270.8016942892197
72.0	270.92932891845703	270.3699245452881	270.4539540465527
76.0	270.5538101196289	270.0079975128174	270.08688012221916
80.0	270.161226272583	269.61818504333496	269.70055807076074
84.0	269.75049018859863	269.214168548584	269.2950770661614
88.0	269.32608222961426	268.7880096435547	268.87052976682105
92.0	268.8875026702881	268.3415107727051	268.42701217882905
96.0	268.4199962615967	267.87160301208496	267.9646235180679
100.0	267.93492317199707	267.39259910583496	267.48346607165513
104.0	267.43169021606445	266.89343452453613	266.98364505920887
108.0	266.9126682281494	266.37452697753906	266.4652684943974
112.0	266.38169860839844	265.835168838501	265.9284470472054
116.0	265.82755851745605	265.2737560272217	265.3732939073213
120.0	265.2549362182617	264.7018184661865	264.79992464901994
124.0	264.6594009399414	264.1123580932617	264.2084570978873
128.0	264.04927825927734	263.50503730773926	263.59901119969913
132.0	263.41480827331543	262.87565994262695	262.9717088917407
136.0	262.7594585418701	262.22412109375	262.32667397681934
140.0	262.1042137145996	261.56351470947266	261.664032000197
144.0	261.4202480316162	260.8775520324707	260.9839101296384
148.0	260.7190856933594	260.17626762390137	260.2864370387446
152.0	260.0142250061035	259.45797538757324	259.57174279371355
156.0	259.2831153869629	258.7257671356201	258.839958743647
160.0	258.5407314300537	257.97873306274414	258.09121741449667
164.0	257.7757873535156	257.2109069824219	257.3256524067219
168.0	256.999719619751	256.42338371276855	256.54339829670965
172.0	256.1987991333008	255.62012672424316	255.74459054198877
176.0	255.38005447387695	254.80470848083496	254.9293653902527
180.0	254.54506874084473	253.96464157104492	254.09785979218773
184.0	253.69521141052246	253.12042427062988	253.25021131809095
188.0	252.83205604553223	252.25621032714844	252.38655807824682
192.0	251.9544334411621	251.3748073577881	251.5070386470207
196.0	251.06529426574707	250.47225761413574	250.61179199061635
200.0	250.16289138793945	249.56808471679688	249.70095739843583
204.0	249.23980140686035	248.63953971862793	248.77467441797157
208.0	248.30561065673828	247.69828414916992	247.83308279315355
212.0	247.3555145263672	246.7444667816162	246.87632240606922
216.0	246.38087463378906	245.77585220336914	245.9045332219683
220.0	245.3978729248047	244.78996467590332	244.91785523746086
224.0	244.3923053741455	243.79027938842773	243.9164284318142
228.0	243.38364028930664	242.776517868042	242.90039272125182
232.0	242.34940338134766	241.74183654785156	241.86988791615562
236.0	241.30413055419922	240.6928005218506	240.82505368107303
240.0	240.25432205200195	239.6386833190918	239.7660294974286
244.0	239.1745891571045	238.56623077392578	238.69295462884233
248.0	238.09413146972656	237.47547721862793	237.60596808895605
252.0	236.9919261932373	236.38012313842773	236.50520861167274
256.0	235.86755180358887	235.27169609069824	235.3908146237146
260.0	234.73129844665527	234.1362133026123	234.26292421941034
264.0	233.5944538116455	232.99446487426758	233.12167513762512
268.0	232.44883728027344	231.83968925476074	231.96720474075255
272.0	231.27056694030762	230.67408180236816	230.79964999569455
276.0	230.0941619873047	229.4917507171631	229.61914745676205
280.0	228.90611457824707	228.30068016052246	228.42583325044063
284.0	227.68878173828125	227.08962631225586	227.21984306197587
288.0	226.4688720703125	225.871919631958	226.00131212374842
292.0	225.22906684875488	224.63993072509766	224.77037520542703
296.0	224.00012969970703	223.40197563171387	223.52716660590806
300.0	222.74153327941895	222.15231323242188	222.27182014707708
304.0	221.4727382659912	220.8909740447998	221.00446916945864
308.0	220.19078636169434	219.62459564208984	219.72524652985686
312.0	218.88720321655273	218.3276481628418	218.43428460113302
316.0	217.58655166625977	217.0199966430664	217.13171527431655
320.0	216.2809658050537	215.70219802856445	215.81766996330515
324.0	214.95386123657227	214.37450408935547	214.49227961247496
328.0	213.61533737182617	213.03752326965332	213.1556747076003
332.0	212.26439666748047	211.6861572265625	211.80798529056582
336.0	210.91244506835938	210.33637046813965	210.44934097845012
340.0	209.53513145446777	208.96429634094238	209.0798709876639
344.0	208.16116905212402	207.59708213806152	207.69970416393878
348.0	206.77628707885742	206.19725799560547	206.3089690190835
352.0	205.37253379821777	204.80218505859375	204.90779377555154
356.0	203.96874046325684	203.38790321350098	203.4963064199955
360.0	202.5487880706787	201.97261428833008	202.07463476711592
364.0	201.12374305725098	200.53397369384766	200.6429065352426
368.0	199.69213104248047	199.09116744995117	199.20124943521134
372.0	198.24897575378418	197.64626121520996	197.74979127420985
376.0	196.78877639770508	196.18291664123535	196.28866007636094
380.0	195.31719589233398	194.72009086608887	194.81798422187862
384.0	193.8370304107666	193.23360443115234	193.3378926066644
388.0	192.3417148590088	191.7416820526123	191.8485148241975
392.0	190.8431797027588	190.23631286621094	190.3499813714994
396.0	189.32625770568848	188.74273681640625	188.84242388080727
400.0	187.79488945007324	187.2214527130127	187.32597537835295
404.0	186.26665496826172	185.6905574798584	185.80077057129694
408.0	184.73390197753906	184.1607551574707	184.26694616338557
412.0	183.19438362121582	182.60748481750488	182.72464119925974
416.0	181.63874626159668	181.05517768859863	181.17399743651612
420.0	180.07285690307617	179.49754333496094	179.61515974357653
424.0	178.50788116455078	177.92474365234375	178.04827652012392
428.0	176.9222297668457	176.34995651245117	176.47350013528413
432.0	175.3444004058838	174.77243041992188	174.8909873768386
436.0	173.74752807617188	173.18765830993652	173.30089990252452
440.0	172.1396312713623	171.5785140991211	171.70340468189974
444.0	170.5453395843506	169.97629928588867	170.09867441433417
448.0	168.93225288391113	168.35745429992676	168.4868879054665
452.0	167.31366539001465	166.7375144958496	166.86823038101775
456.0	165.69086837768555	165.11332511901855	165.24289371330565
460.0	164.0603904724121	163.4825611114502	163.61107653235186
464.0	162.41835594177246	161.8449993133545	161.97298419039066
468.0	160.77374076843262	160.2126064300537	160.32882854622716
472.0	159.1295871734619	158.57205772399902	158.67882753470232
476.0	157.4653091430664	156.9190158843994	157.0232044870121
480.0	155.80268478393555	155.26486587524414	155.3621871703623
484.0	154.13594818115234	153.59909057617188	153.6960065209668
488.0	152.46441268920898	151.89983940124512	152.02489505318138
492.0	150.79493522644043	150.2165756225586	150.34908493989033
496.0	149.10384368896484	148.5349063873291	148.66880577511242
500.0	147.4130802154541	146.84502029418945	146.9842820487379
504.0	145.72902870178223	145.15356254577637	145.295730384423
508.0	144.04697799682617	143.45454216003418	143.60335661348284
512.0	142.35328483581543	141.7486171722412	141.90735277818408
516.0	140.64740753173828	140.05073738098145	140.2078941748435
520.0	138.93761253356934	138.33627128601074	138.50513655821322
524.0	137.2266330718994	136.63160514831543	136.7992136316593
528.0	135.51210403442383	134.9228343963623	135.09023494115885
532.0	133.81781005859375	133.2028045654297	133.37828427466718
536.0	132.11026573181152	131.49491691589355	131.66341864267966
540.0	130.38990211486816	129.77711486816406	129.94566788279275
544.0	128.6530647277832	128.04119300842285	128.22503489376837
548.0	126.93676567077637	126.31074714660645	126.50149646666873
552.0	125.20835304260254	124.58919715881348	124.77500464581559
556.0	123.46693420410156	122.86638641357422	123.04548852395051
560.0	121.73295402526855	121.14069557189941	121.31285635643566
564.0	119.97353553771973	119.40388870239258	119.57699786984516
568.0	118.25252342224121	117.66927528381348	117.83778664080477
572.0	116.50609016418457	115.92251586914062	116.0950824302782
576.0	114.76602745056152	114.19110107421875	114.34873337470336
580.0	113.01971435546875	112.4487190246582	112.59857795604115
584.0	111.26039505004883	110.69110679626465	110.8444466954707
588.0	109.50625801086426	108.92085456848145	109.08616353789607
592.0	107.7353401184082	107.15887641906738	107.32354691495195
596.0	105.97266578674316	105.40154457092285	105.5564104913863
600.0	104.21234703063965	103.63982582092285	103.78456361335552
604.0	102.43741226196289	101.84616470336914	102.0078114860608
608.0	100.66634941101074	100.07049560546875	100.22595511477294
612.0	98.88264465332031	98.27498245239258	98.43879104303323
616.0	97.06722068786621	96.47410202026367	96.64611092624581
620.0	95.27218055725098	94.66466522216797	94.84770096501452
624.0	93.45978736877441	92.85650253295898	93.04334124153154
628.0	91.65198135375977	91.05293464660645	91.23280494785052
632.0	89.83179092407227	89.22995376586914	89.41585759162828
636.0	88.00849533081055	87.38935089111328	87.5922560470844
640.0	86.17592239379883	85.5479621887207	85.76174774776668
644.0	84.33508682250977	83.72060775756836	83.92406943031456
648.0	82.49519729614258	81.8648681640625	82.07894660892019
652.0	80.67558097839355	80.01839828491211	80.22609141674307
656.0	78.81414031982422	78.14480590820312	78.36520343794713
660.0	76.93951225280762	76.2588996887207	76.4959644699545
664.0	75.06769180297852	74.39141464233398	74.61804467141184
668.0	73.17095184326172	72.48772239685059	72.73108663149404
672.0	71.29906845092773	70.58015060424805	70.8347307135403
676.0	69.38072967529297	68.69058990478516	68.92856269895374
680.0	67.47422409057617	66.76171493530273	67.01220471550104
684.0	65.52969360351562	64.84220886230469	65.08514281936225
688.0	63.60572052001953	62.89165687561035	63.14703158970866
692.0	61.651615142822266	60.93680381774902	61.197141192646875
696.0	59.68725395202637	58.967166900634766	59.235327123105456
700.0	57.71767234802246	56.97735023498535	57.26032158816215
704.0	55.73152542114258	54.998374938964844	55.272681542085714
708.0	53.73249435424805	52.98800277709961	53.269724497166216
712.0	51.69825744628906	50.968666076660156	51.25409164728303
716.0	49.65401649475098	48.92951965332031	49.2193887729527
720.0	47.61934471130371	46.87680244445801	47.173932699075586
724.0	45.55000114440918	44.83222961425781	45.101884058952656
728.0	43.45130157470703	42.7788143157959	43.02602162498613
732.0	41.34798812866211	40.65550994873047	40.90751737611741
736.0	39.22320556640625	38.54773712158203	38.803820763057516
740.0	37.059932708740234	36.387441635131836	36.623011034539154
744.0	34.93752098083496	34.24989700317383	34.50072399407097
748.0	32.64546585083008	31.967435836791992	32.22936493122325
752.0	30.54838752746582	29.86123275756836	30.10998010238103
756.0	28.117464065551758	27.41203498840332	27.698439549384823
760.0	26.068405151367188	25.38504409790039	25.62296740780046
764.0	23.386035919189453	22.728439331054688	22.987197083288
768.0	21.44312286376953	20.749189376831055	21.023589738680045
772.0	18.474411010742188	17.755760192871094	18.02633360157805
776.0	16.724912643432617	16.013643264770508	16.276943851566635
780.0	13.15867805480957	12.412773132324219	12.69096488726966
784.0	11.774944305419922	11.021919250488281	11.312032522590838
788.0	7.14940071105957	6.387409210205078	6.684611727667927
792.0	6.444740295410156	5.701763153076172	5.991464547107982
800.0	0.015520095825195312	-0.3204822540283203	0.0
